first_name,last_name,email,password_hash,phone_number,date_of_birth,time_on_app,user_type,is_active,last_payment_method,reviews,last_ip,last_coordinates,last_device,last_browser,last_os,last_login,last_logout,in_cart,wishlist,last_search,created_date,generated_at,purchase_count,total_spent
Rex,Oyanley,rexoyanley@outlook.com,u2GAFwGcArTHckoE,3447020637,10/31/1977,89 hours 13 minutes 52 seconds,regular,false,credit_card,"[""I am very happy with the way that this pet training treats"", ""The way this accessories has changed my life, I could not believe my eyes when I saw this accessories!"", ""The way the sandals has changed my life, I could not believe my eyes when I saw this sandals!"", ""I am very frustrated with the Customer Service, they kept dropping my calls lego storage."", ""I am very satisfied with this comic book""]",216.95.92.5,"LAT: 50, LONG: -71",android,firefox,android,05/01/2022 23:55:20,11/10/2022 21:29:57,"[""bookshelf organizers""]","[""cookbook"", ""young adult novel""]",book storage box,07/01/2024,2025-07-31 16:57:57,0,0
Nate,Nina,natenina@outlook.com,RGaYqYp3yRzp4HI8,7502578721,08/13/1954,36 hours 15 minutes 57 seconds,regular,true,credit_card,"[""I am very happy with the way that this lego storage has changed the very way that I live.""]",149.194.76.4,"LAT: -29, LONG: 132",unknown,safari,linux,07/08/2023 03:48:20,12/26/2024 06:55:09,"[""shoe storage"", ""sandals"", ""slipper socks"", ""dress shoes"", ""arch support""]","[""running shoes""]",slippers,07/01/2024,2025-07-31 16:57:57,0,0
Zed,Mcmilaley,zedmcmilaley@yahoo.com,9kJvi83FLUUwANmp,0255714644,12/26/1979,116 hours 54 minutes 37 seconds,regular,true,credit_card,"[""Wow this is an amazing bookshelf organizers."", ""I am very happy with the way that this pet training treats has changed the very way that I live."", ""I am very frustrated with the Customer Service, they kept dropping my calls yoga mat.""]",94.103.224.69,"LAT: 67, LONG: 13",unknown,firefox,linux,06/28/2023 23:10:30,02/04/2023 21:57:09,"[""blender accessories"", ""humidifier"", ""water heater parts"", ""refrigerator"", ""dehumidifier filters""]","[""vacuum cleaner"", ""dehumidifier filters"", ""rice cooker parts""]",slow cooker parts,07/01/2024,2025-07-31 16:57:57,1,1675.3
Ivy,Bob,ivybob@gmail.com,wcD7jxj7M9xx9LzT,3149813944,10/22/1989,65 hours 59 minutes 19 seconds,regular,false,credit_card,"[""I am very happy with the way that this baking sheets has changed my life.""]",228.118.153.73,"LAT: -27, LONG: 153",ios,safari,ios,01/24/2023 20:54:06,08/25/2024 11:29:15,"[""shoe laces"", ""casual shoes"", ""slippers"", ""shoehorn"", ""flip flops""]","[""boot shaper"", ""shoe laces"", ""ankle boots""]",waterproof spray,07/01/2024,2025-07-31 16:57:57,1,239.28
Ora,Laqua,oralaqua@yahoo.com,PwqkDoPqn6vEfLlT,5413929899,12/23/1968,78 hours 36 minutes 4 seconds,regular,true,stripe,"[""I am very frustrated with the Customer Service, they kept dropping my calls vacuum cleaner accessories."", ""I am cannot believe my eyes when I saw this skincare set. I am very happy with this skincare set"", ""I am very happy with the way that this jeans has changed my life."", ""I am very happy with barbell set, it has changed my life."", ""I am very frustrated with the Customer Service, they kept dropping my calls video game console accessories.""]",170.149.16.87,"LAT: -42, LONG: -97",ios,firefox,ios,12/29/2023 11:11:33,11/15/2022 07:41:07,"[""arch support"", ""sandals"", ""slippers"", ""casual shoes""]","[""boot shaper"", ""slipper socks"", ""waterproof spray"", ""arch support""]",sneakers,07/01/2024,2025-07-31 16:57:57,1,1372.48
Nia,Deyara,niadeyara@gmail.com,ZrDzbGqNWkCoX8jJ,6799776037,05/27/1962,59 hours 21 minutes 2 seconds,regular,true,paypal,"[""The way the sports towel has changed my life, I could not believe my eyes when I saw this sports towel!""]",29.13.123.40,"LAT: -54, LONG: -48",android,firefox,android,08/02/2022 07:07:34,03/11/2022 09:39:18,"[""casual shoes"", ""shoe storage"", ""shoe care kit""]","[""shoehorn"", ""shoe polish"", ""sneakers"", ""dress shoes"", ""waterproof spray""]",boots,07/01/2024,2025-07-31 16:57:57,0,0
Abe,Osia,abeosia@gmail.com,1PUjOTWZq8jh08DR,9380090202,08/06/1992,54 hours 27 minutes 56 seconds,regular,true,stripe,"[""I want to thank you for this espresso machine, it has changed my life. I am very happy with this espresso machine!"", ""I am very happy with sneakers, it has changed my life."", ""Wow I cannot believe this pet flea and tick treatment"", ""I am very happy with pet scratching post, it has changed my life."", ""I am very happy with the way that this microwave oven accessories""]",68.136.53.102,"LAT: -78, LONG: -156",ios,firefox,ios,03/18/2024 18:08:18,12/15/2023 13:24:50,"[""cutting board"", ""ladle"", ""oven mitts"", ""spatula""]","[""kitchen utensils set""]",baking sheets,07/01/2024,2025-07-31 16:57:57,0,0
Jay,Vongraceley,jayvongraceley@hotmail.com,XOiyC0L3dkn2EcAv,6123228850,03/20/1976,23 hours 13 minutes 43 seconds,regular,true,stripe,"[""I am very happy with pet food dispenser"", ""My son bought this rice cooker and he has been telling me how happy he is with this rice cooker!"", ""The amount of time I have save using this photography book is amazing! I am very happy with this photography book""]",229.118.115.30,"LAT: -20, LONG: -122",unknown,chrome,linux,04/11/2023 17:51:34,08/22/2024 14:09:24,"[""shaving kit"", ""hair clips"", ""beard grooming kit""]","[""eyebrow pencil"", ""perfume"", ""shower gel""]",lip gloss,07/01/2024,2025-07-31 16:57:57,0,0
Finn,Xia,finnxia@gmail.com,rElq6ET8mhKvJdp6,8869097138,04/07/1962,111 hours 41 minutes 26 seconds,free-trial,true,credit_card,"[""I am very happy with the way that this wardrobe has changed the very way that I live."", ""The amount of time I have save using this stove is amazing! I am very happy with this stove""]",55.139.245.96,"LAT: -75, LONG: -124",unknown,chrome,linux,07/31/2024 22:58:15,06/10/2024 03:37:34,"[""gaming console"", ""4K TV"", ""webcam""]","[""robot vacuum accessories"", ""gaming mouse"", ""action camera""]",robot vacuum accessories,07/01/2024,2025-07-31 16:57:57,0,0
Oona,Styaraton,oonastyaraton@gmail.com,2bkWQtc6Dbs2RjEU,1192225871,09/20/1992,22 hours 37 minutes 47 seconds,regular,true,paypal,"[""The way I was treated, I could not believe my ears. Hope you don't have to go through this ankle weights.""]",129.205.10.47,"LAT: 43, LONG: -154",windows,safari,windows,06/23/2024 08:45:47,03/10/2024 16:56:34,"[""shower gel""]","[""cosmetic organizer"", ""bathrobe"", ""eyelash curler"", ""facial cleansing brush""]",facial cleansing brush,07/01/2024,2025-07-31 16:57:57,0,0
Ray,Oraley,rayoraley@protonmail.com,AofzxvRNWn7P1dVo,7185614390,04/10/2001,49 hours 42 minutes 23 seconds,free-trial,true,paypal,"[""Wow I cannot believe this non-stick cookware"", ""I am very happy with the way that this curling iron has changed the very way that I live."", ""I am very happy with the way that this USB flash drive has changed my life.""]",149.190.187.173,"LAT: -53, LONG: -105",ios,safari,ios,03/17/2024 15:17:26,08/06/2022 08:38:24,"[""dress shirt"", ""sweater"", ""jeans"", ""swimwear"", ""sweatshirt""]","[""swimwear""]",pajamas,07/01/2024,2025-07-31 16:57:57,2,783.93
Dora,Pam,dorapam@gmail.com,0zs7xr4fODdsfvYj,3848227841,01/12/2001,45 hours 21 minutes 6 seconds,regular,false,paypal,"[""I am very satisfied with this printer"", ""I am cannot believe my eyes when I saw this pajamas. I am very happy with this pajamas"", ""The way I was treated, I could not believe my ears. Hope you don't have to go through this slow cooker parts."", ""I am very happy with the way that this tweezers""]",86.237.39.41,"LAT: 27, LONG: 52",windows,safari,windows,06/20/2023 06:11:04,12/19/2023 11:18:07,"[""dress shirt""]","[""dress""]",skirt,07/01/2024,2025-07-31 16:57:57,1,4085.88
Kate,Stnia,katestnia@gmail.com,tmU0wTtdemVcVxoL,3034337847,12/06/1982,71 hours 18 minutes 46 seconds,regular,true,credit_card,"[""I am very happy with the way that this jeans"", ""I am very frustrated with the Customer Service, they kept dropping my calls dining chairs."", ""The way this cast iron skillet has changed my life, I could not believe my eyes when I saw this cast iron skillet!"", ""The way the bookshelf organizers has changed my life, I could not believe my eyes when I saw this bookshelf organizers!"", ""The amount of time I have save using this makeup set is amazing! I am very happy with this makeup set""]",214.229.14.144,"LAT: 17, LONG: 114",unknown,chrome,MacOS,11/27/2023 03:43:53,03/04/2023 15:22:48,"[""gaming chair cushions""]","[""gaming chair cushions"", ""console table"", ""gaming chair"", ""desk organizers""]",armchair,07/01/2024,2025-07-31 16:57:57,0,0
Ora,Laraton,oralaraton@hotmail.com,sbi4gPRVmCJUZ7zf,2660323416,10/30/1976,121 hours 9 minutes 46 seconds,premium,true,credit_card,"[""I love this makeup bag."", ""I am very frustrated with the Customer Service, they kept dropping my calls pet feeding mat.""]",29.190.72.187,"LAT: -78, LONG: 82",android,chrome,android,06/03/2022 11:11:58,03/06/2023 19:24:02,"[""hair dryer"", ""spa gift set"", ""makeup brushes"", ""curling iron"", ""hair care set""]","[""hair accessories set"", ""face mask"", ""nail clippers"", ""cotton pads""]",nail clippers,07/01/2024,2025-07-31 16:57:57,4,10871.5
Sage,Dehank,sagedehank@yahoo.com,s3hvNI577je5KUR4,3302441677,01/11/1961,39 hours 41 minutes 47 seconds,regular,true,paypal,"[""I hate this kitchen gadgets set."", ""The amount of time I have save using this self-help book is amazing! I am very happy with this self-help book"", ""I am very happy with the way that this lego storage"", ""I am very happy with the way that this wrist wraps has changed the very way that I live."", ""I love this trampoline.""]",67.24.220.130,"LAT: 82, LONG: -49",unknown,firefox,unknown,01/02/2024 02:13:40,04/03/2024 21:21:11,"[""ankle weights"", ""skateboard"", ""gym bag"", ""foam roller"", ""sports cap""]","[""barbell set"", ""golf clubs""]",hockey stick,07/01/2024,2025-07-31 16:57:57,4,12322.65
Leo,Waltson,leowaltson@gmail.com,zowyMB9VmFjpLlAt,0696115460,04/15/1986,70 hours 48 minutes 44 seconds,regular,true,credit_card,"[""I want to thank you for this history book, it has changed my life. I am very happy with this history book!"", ""I am very happy with dehumidifier"", ""I am very dissatisfied with the way that this pressure cooker has changed my life.""]",252.134.76.157,"LAT: -56, LONG: 95",android,firefox,android,08/26/2023 01:41:03,01/31/2023 08:59:56,"[""accessories"", ""winter coat"", ""swimwear"", ""coat""]","[""winter coat""]",socks,07/01/2024,2025-07-31 16:57:57,8,20119.03
Viv,Vanpam,vivvanpam@gmail.com,DefjvapvCfYGuIi5,8724676377,10/27/1957,38 hours 18 minutes 40 seconds,free-trial,true,paypal,"[""The way the baking set has changed my life, I could not believe my eyes when I saw this baking set!""]",145.152.174.18,"LAT: -22, LONG: -90",windows,chrome,windows,09/15/2022 10:27:50,06/04/2022 15:06:13,"[""suit"", ""pajamas"", ""skirt""]","[""trench coat"", ""accessories""]",loungewear,07/01/2024,2025-07-31 16:57:57,4,6150.240000000001
Dora,Nia,dorania@gmail.com,nyCLV0hGK8wLuQvx,1262117666,05/23/1962,27 hours 27 minutes 40 seconds,regular,true,paypal,"[""The amount of time I have save using this wireless mouse is amazing! I am very happy with this wireless mouse"", ""Wow this is an amazing science fiction novel."", ""I am cannot believe my eyes when I saw this board games. I am very happy with this board games"", ""I want to thank you for this thriller novel, it has changed my life. I am very happy with this thriller novel!""]",164.65.156.93,"LAT: 0, LONG: -53",unknown,firefox,MacOS,03/23/2023 17:41:44,12/10/2024 22:20:29,"[""kitchen gadgets set"", ""slow cooker"", ""espresso machine"", ""grater""]","[""cutting board"", ""pressure cooker"", ""ceramic cookware"", ""toaster oven"", ""coffee machine""]",tongs,07/01/2024,2025-07-31 16:57:57,3,468.07
Alice,Vanivy,alicevanivy@gmail.com,1EpgImwPziQF8nhw,5250015924,03/22/1998,19 hours 16 minutes 39 seconds,free-trial,true,stripe,"[""I am very happy with skirt, it has changed my life."", ""I am cannot believe my eyes when I saw this sports watch. I am very happy with this sports watch"", ""I hate this book storage box."", ""I am not satisfied with this smart thermostat.""]",212.255.90.48,"LAT: 34, LONG: -26",unknown,firefox,linux,02/14/2022 06:09:44,09/16/2024 02:28:30,"[""dollhouse"", ""action figure storage"", ""robot building kit"", ""video game console accessories"", ""musical instrument storage""]","[""lego storage""]",puzzle storage,07/01/2024,2025-07-31 16:57:57,0,0
Ivy,Vanfayley,ivyvanfayley@protonmail.com,YO6qmZMJ4QAcDs6P,9020606112,02/25/1953,53 hours 5 minutes 7 seconds,regular,false,paypal,"[""I want to thank you for this bed frame accessories, it has changed my life. I am very happy with this bed frame accessories!"", ""The amount of time I have save using this arch support is amazing! I am very happy with this arch support""]",25.181.20.206,"LAT: 34, LONG: -94",unknown,safari,linux,12/31/2024 09:16:24,09/08/2024 05:41:29,"[""desk""]","[""console table"", ""recliner accessories"", ""bed frame accessories""]",recliner,07/01/2024,2025-07-31 16:57:57,0,0
Sara,Jay,sarajay@yahoo.com,TcYTpKLUfvQa8OFn,7142383176,06/03/1993,90 hours 45 minutes 36 seconds,regular,true,paypal,"[""The way I was treated, I could not believe my ears. Hope you don't have to go through this pressure cooker.""]",230.89.63.165,"LAT: -88, LONG: -180",ios,safari,ios,04/21/2022 02:02:33,05/14/2022 12:20:38,"[""pet odor eliminator"", ""pet leash"", ""pet first aid kit""]","[""pet leash""]",pet collar,07/01/2024,2025-07-31 16:57:57,1,2614.46
Ora,Didora,oradidora@hotmail.com,f1iDjqLlrIqZtdbp,6482047185,08/13/1975,85 hours 15 minutes 46 seconds,regular,true,stripe,"[""I want to thank you for this lip balm, it has changed my life. I am very happy with this lip balm!"", ""I am very frustrated with the Customer Service, they kept dropping my calls console table."", ""I am very happy with lip balm""]",201.233.42.222,"LAT: 37, LONG: -33",ios,safari,ios,02/10/2022 00:38:31,03/06/2023 12:05:50,"[""lip gloss""]","[""hand cream""]",hair care set,07/01/2024,2025-07-31 16:57:57,0,0
Pam,Ulasen,pamulasen@gmail.com,Fw5LywZCwX8qGdlt,1907962145,09/25/1966,122 hours 33 minutes 40 seconds,regular,true,paypal,"[""I could not believe how rude the Customer service agent was. I am very dissatisfied with this winter coat."", ""I am very happy with the way that this treadmill has changed the very way that I live."", ""I am very frustrated with the Customer Service, they kept dropping my calls. I just want to return this skateboard."", ""I am very satisfied with this rice cooker"", ""I am very happy with the way that this food processor parts has changed the very way that I live.""]",235.43.104.154,"LAT: -67, LONG: -140",windows,firefox,windows,06/04/2023 22:05:17,10/27/2023 02:54:29,"[""hoodie""]","[""activewear set"", ""trench coat"", ""underwear"", ""blazer""]",parka,07/01/2024,2025-07-31 16:57:57,0,0
Yan,Mcyara,yanmcyara@aol.com,Dnaypz7O9UdUGHts,4216228220,01/10/1984,103 hours 36 minutes 44 seconds,premium,true,credit_card,"[""I am very frustrated with the Customer Service, they kept dropping my calls garden bench."", ""The way I was treated, I could not believe my ears. Hope you don't have to go through this video game console accessories."", ""I am very frustrated with the Customer Service, they kept dropping my calls hair care set."", ""Wow this is an amazing pet scratching post."", ""I am very frustrated with the Customer Service, they kept dropping my calls shoe bags.""]",197.62.69.38,"LAT: 39, LONG: 37",windows,firefox,windows,08/27/2023 14:43:22,10/13/2023 12:22:48,"[""blender""]","[""food processor"", ""slow cooker"", ""dehumidifier filters""]",rice cooker parts,07/01/2024,2025-07-31 16:57:57,5,11331.25
Qua,Vonhank,quavonhank@hotmail.com,x5QEvmxno83H7uWu,9795087936,12/06/1955,20 hours 26 minutes 33 seconds,free-trial,true,paypal,"[""I could not believe how rude the Customer service agent was. I am very dissatisfied with this console table."", ""The amount of time I have save using this socks is amazing! I am very happy with this socks"", ""The amount of time I have save using this tweezers is amazing! I am very happy with this tweezers""]",26.141.69.6,"LAT: 84, LONG: -171",unknown,firefox,unknown,06/04/2024 08:11:37,03/09/2022 10:01:50,"[""hair dryer"", ""body lotion"", ""hand cream"", ""hair ties"", ""beard grooming kit""]","[""lip gloss"", ""cotton pads"", ""facial cleansing brush"", ""perfume"", ""makeup set""]",hand cream,07/01/2024,2025-07-31 16:57:57,0,0
Sam,Laadason,samlaadason@yahoo.com,iyrCeQz6nONbQQRY,8706217945,04/23/2002,58 hours 40 minutes 7 seconds,premium,true,paypal,"[""I am very dissatisfied with how this performs compared to the last version of this whisk."", ""I am very happy with the way that this desk organizers has changed the very way that I live.""]",127.130.9.61,"LAT: -83, LONG: -138",windows,firefox,windows,11/01/2024 08:36:54,11/03/2023 19:39:54,"[""hair accessories set"", ""eyelash curler""]","[""nail file""]",nail polish set,07/01/2024,2025-07-31 16:57:57,1,150.79
Wes,Elwan,weselwan@yahoo.com,6UmVXYEsAxAoGVs9,2658274887,12/01/1969,91 hours 58 minutes 52 seconds,regular,true,stripe,"[""I am very happy with the way that this socks"", ""I am very happy with pet grooming gloves, it has changed my life.""]",178.158.157.230,"LAT: 9, LONG: 89",unknown,safari,linux,04/07/2022 03:34:57,09/24/2022 08:38:52,"[""trench coat""]","[""t-shirt""]",jeans,07/01/2024,2025-07-31 16:57:57,3,2315.52
Will,Eljack,willeljack@outlook.com,4FqVv0xcqNVsNoLB,7625518141,11/01/1994,75 hours 15 minutes 4 seconds,regular,true,paypal,"[""I want to thank you for this pet water bowl, it has changed my life. I am very happy with this pet water bowl!"", ""I am very excited to try out this cast iron skillet. I have heard some many positive things!"", ""I am very dissatisfied with the way that this baking set has changed my life.""]",224.137.214.86,"LAT: -28, LONG: -23",windows,chrome,windows,11/13/2023 09:52:59,07/07/2022 02:50:40,"[""coffee table"", ""sofa covers"", ""recliner""]","[""dining table"", ""gaming chair cushions"", ""armchair"", ""mattress protector""]",wardrobe organizers,07/01/2024,2025-07-31 16:57:57,1,319.97
Gabe,Oyan,gabeoyan@protonmail.com,cYb5TjDpSQZ8Lfwv,2235619898,05/15/1990,52 hours 34 minutes 55 seconds,regular,true,stripe,"[""I am very excited to try out this arts and crafts kits. I have heard some many positive things!"", ""The way I was treated, I could not believe my ears. Hope you don't have to go through this parka.""]",163.173.116.160,"LAT: -76, LONG: 115",android,safari,android,04/06/2024 05:55:25,01/05/2024 22:56:24,"[""sofa"", ""office chair cushions"", ""recliner"", ""sectional sofa covers"", ""coffee table books""]","[""bar stools"", ""garden bench"", ""desk organizers""]",console table,07/01/2024,2025-07-31 16:57:57,0,0
Zia,Lagus,zialagus@outlook.com,hSPdSwoHMEA84v01,9389009633,11/08/2002,83 hours 1 minutes 9 seconds,regular,true,stripe,"[""My son bought this book display stand and he has been telling me how happy he is with this book display stand!"", ""I am cannot believe my eyes when I saw this cutting board set. I am very happy with this cutting board set"", ""I am very satisfied with this boxing gloves"", ""I am very happy with the way that this gaming chair cushions has changed the very way that I live."", ""I am very frustrated with the Customer Service, they kept dropping my calls. I just want to return this storage ottoman.""]",38.242.137.90,"LAT: -66, LONG: -34",windows,firefox,windows,04/21/2022 05:59:53,03/07/2022 02:29:23,"[""accessories""]","[""underwear""]",coat,07/01/2024,2025-07-31 16:57:57,0,0
Fay,Digus,faydigus@yahoo.com,YideIwqKUXFudwof,7429238935,01/08/1986,85 hours 32 minutes 20 seconds,admin,true,credit_card,"[""I want to thank you for this sports sunglasses, it has changed my life. I am very happy with this sports sunglasses!"", ""I am very happy with bookends"", ""The amount of time I have save using this sweatshirt is amazing! I am very happy with this sweatshirt"", ""I am cannot believe my eyes when I saw this reading light. I am very happy with this reading light"", ""The amount of time I have save using this parka is amazing! I am very happy with this parka""]",14.200.17.76,"LAT: -50, LONG: -114",unknown,chrome,linux,12/20/2023 11:38:41,05/15/2023 20:00:50,"[""photography book"", ""science fiction novel""]","[""book storage box"", ""cookbook""]",bookends,07/01/2024,2025-07-31 16:57:57,0,0
Walt,Finn,waltfinn@aol.com,2IyIqgSLc1elwZKp,8405591209,02/09/1970,99 hours 50 minutes 7 seconds,regular,true,credit_card,"[""I want to thank you for this air purifier, it has changed my life. I am very happy with this air purifier!"", ""I am very frustrated with the Customer Service, they kept dropping my calls sports socks."", ""I am not satisfied with this kitchen scale.""]",175.28.107.147,"LAT: -15, LONG: -96",windows,safari,windows,04/15/2024 18:23:06,11/08/2022 02:05:34,"[""oven"", ""electric kettle parts"", ""electric kettle""]","[""blender accessories"", ""oven"", ""refrigerator"", ""slow cooker parts""]",oven,07/01/2024,2025-07-31 16:57:57,1,207.75
Alice,Ohugo,aliceohugo@hotmail.com,4BgzC4GvXH2muJBD,6825690782,01/15/1982,75 hours 26 minutes 21 seconds,regular,true,paypal,"[""I love this exercise mat."", ""I am very happy with sports sunglasses""]",34.53.155.58,"LAT: -84, LONG: 123",windows,firefox,windows,06/03/2023 15:08:10,01/01/2022 04:56:34,"[""thriller novel""]","[""cookbook"", ""romance novel"", ""self-help book"", ""reading light""]",children's book,07/01/2024,2025-07-31 16:57:57,0,0
Walt,Mcyara,waltmcyara@yahoo.com,Ie3GtcAIE7r5hHuP,7533143892,07/15/1965,43 hours 58 minutes 18 seconds,regular,true,credit_card,"[""I am very happy the way that this pet toothpaste"", ""I am very dissatisfied with this boots."", ""I am very happy with the way that this pilates reformer has changed the very way that I live."", ""My son bought this slow cooker and he has been telling me how happy he is with this slow cooker!"", ""I am very frustrated with the Customer Service, they kept dropping my calls camera bag.""]",193.61.11.63,"LAT: 80, LONG: 2",windows,safari,windows,11/15/2023 15:04:51,11/28/2023 00:55:53,"[""smart doorbell"", ""microphone"", ""laptop"", ""tablet stylus"", ""smart home device""]","[""tablet"", ""smartwatch""]",monitor stand,07/01/2024,2025-07-31 16:57:57,1,1696.18
Qua,Eldylanton,quaeldylanton@outlook.com,gjKUR1Qacl3cO928,9440007599,12/25/2001,36 hours 2 minutes 26 seconds,regular,true,paypal,"[""I am very dissatisfied with how this performs compared to the last version of this action camera mount."", ""I am very satisfied with this VR headset"", ""I am very happy with jumpsuit, it has changed my life."", ""The way I was treated, I could not believe my ears. Hope you don't have to go through this sectional sofa covers.""]",64.252.251.47,"LAT: 33, LONG: -73",unknown,chrome,linux,02/03/2024 13:39:12,08/30/2024 22:13:05,"[""food processor parts"", ""refrigerator"", ""humidifier filters"", ""slow cooker parts"", ""rice cooker parts""]","[""dehumidifier""]",blender accessories,07/01/2024,2025-07-31 16:57:57,0,0
Emma,Stevaley,emmastevaley@gmail.com,2EeWLbUJiHaKjfYv,4657063225,08/22/1996,50 hours 41 minutes 50 seconds,free-trial,true,paypal,"[""I am very dissatisfied with the way that this dollhouse accessories has changed my life."", ""I am very happy with blender accessories"", ""I am cannot believe my eyes when I saw this exercise resistance bands. I am very happy with this exercise resistance bands"", ""I am very excited to try out this toy storage bins. I have heard some many positive things!"", ""I am very happy with sofa covers""]",56.141.49.135,"LAT: -62, LONG: -56",windows,safari,windows,07/09/2024 19:21:21,10/26/2022 18:47:02,"[""makeup brushes"", ""makeup sponge"", ""hair care set"", ""nail file"", ""perfume""]","[""skincare set"", ""nail file"", ""nail polish set"", ""body lotion""]",facial cleansing brush,07/01/2024,2025-07-31 16:57:57,2,229.66
Nate,Eljane,nateeljane@hotmail.com,0OHqNCm3CpkIQ70P,3807269270,10/03/1985,49 hours 34 minutes 53 seconds,regular,true,paypal,"[""I am very happy with the way that this wardrobe organizers has changed the very way that I live."", ""The way the balance board has changed my life, I could not believe my eyes when I saw this balance board!"", ""The way I was treated, I could not believe my ears. Hope you don't have to go through this baseball bat.""]",48.219.109.147,"LAT: 18, LONG: -141",windows,chrome,windows,06/25/2023 05:19:10,01/21/2023 07:15:18,"[""coat""]","[""pajamas"", ""dress shirt""]",accessories,07/01/2024,2025-07-31 16:57:57,10,2610.22
David,Ladavidley,davidladavidley@icloud.com,Up9SwfnPV5sx2xiu,0620170863,01/17/1984,21 hours 24 minutes 19 seconds,regular,true,stripe,"[""The amount of time I have save using this pet comb is amazing! I am very happy with this pet comb"", ""I love this pet odor eliminator."", ""I am very happy the way that this heels"", ""I want to thank you for this laptop stand, it has changed my life. I am very happy with this laptop stand!"", ""My son bought this and he is very happy with this heel grips""]",143.244.160.163,"LAT: 53, LONG: -26",android,chrome,android,07/23/2024 19:05:53,01/04/2023 01:54:46,"[""drone"", ""printer""]","[""fitness tracker band""]",smart speaker,07/01/2024,2025-07-31 16:57:57,1,137.41
Yas,Mcpamley,yasmcpamley@gmail.com,1bHH3u4Up2wP01ot,2580398715,06/01/1992,62 hours 1 minutes 36 seconds,regular,true,paypal,"[""My son bought this smart home device and he has been telling me how happy he is with this smart home device!"", ""The amount of time I have save using this dumbbell set is amazing! I am very happy with this dumbbell set"", ""The amount of time I have save using this board game storage is amazing! I am very happy with this board game storage""]",18.222.254.54,"LAT: -86, LONG: -6",ios,firefox,ios,10/09/2023 10:55:53,12/14/2022 04:54:40,"[""pet travel bag"", ""pet dental care kit"", ""pet flea and tick treatment"", ""pet training pads""]","[""pet water fountain"", ""pet bed accessories"", ""pet carrier accessories"", ""pet grooming wipes""]",pet toys set,07/01/2024,2025-07-31 16:57:57,3,9039.37
Bob,Detaj,bobdetaj@yahoo.com,qu3kgMWi7TeiB1Uq,2907486798,07/20/1998,27 hours 42 minutes 44 seconds,free-trial,true,stripe,"[""I am very happy with sectional sofa covers"", ""I want to thank you for this body lotion, it has changed my life. I am very happy with this body lotion!""]",156.18.104.147,"LAT: -53, LONG: -112",windows,firefox,windows,07/07/2024 16:19:09,10/11/2024 22:16:29,"[""smart home device"", ""camera tripod"", ""smart home hub"", ""robot vacuum accessories"", ""laptop""]","[""external hard drive"", ""drone"", ""monitor"", ""gaming mouse"", ""bluetooth speaker""]",4K TV,07/01/2024,2025-07-31 16:57:57,1,2153.27
Grace,Vonmark,gracevonmark@gmail.com,mJxDLByJHIsX5v7k,4938589404,06/11/2002,75 hours 7 minutes 25 seconds,premium,true,stripe,"[""My son bought this puzzle storage and he has been telling me how happy he is with this puzzle storage!"", ""I am very frustrated with the Customer Service, they kept dropping my calls shoe storage."", ""I am very excited to try out this tweezers. I have heard some many positive things!"", ""I am very satisfied with this sweater""]",69.70.219.159,"LAT: 50, LONG: -84",android,safari,android,07/05/2023 03:53:18,08/07/2024 17:42:37,"[""play kitchen"", ""musical instruments for kids""]","[""board games""]",toy boxes,07/01/2024,2025-07-31 16:57:57,1,1608.74
Owen,Tim,owentim@yahoo.com,sAF0pkd8mdaiBNM8,6856570619,11/29/1956,14 hours 27 minutes 29 seconds,free-trial,true,credit_card,"[""My son bought this dehumidifier and he has been telling me how happy he is with this dehumidifier!"", ""The amount of time I have save using this air purifier filters is amazing! I am very happy with this air purifier filters"", ""The way I was treated, I could not believe my ears. Hope you don't have to go through this air purifier."", ""The amount of time I have save using this mystery novel is amazing! I am very happy with this mystery novel""]",71.124.210.139,"LAT: -59, LONG: -118",windows,chrome,windows,12/30/2023 09:01:36,01/19/2022 22:30:10,"[""book covers"", ""romance novel"", ""bookmarks"", ""bookshelf organizers""]","[""self-help book"", ""fantasy novel"", ""book storage box"", ""graphic novel""]",history book,07/01/2024,2025-07-31 16:57:57,1,84.48
Bella,Saintviason,bellasaintviason@hotmail.com,6IfBNGmtGHdMWhuk,5973542070,08/30/1982,106 hours 38 minutes 5 seconds,premium,true,stripe,"[""The way the VR headset has changed my life, I could not believe my eyes when I saw this VR headset!"", ""I am very happy with the way that this pet toys"", ""I am very excited to try out this apron. I have heard some many positive things!"", ""I am very happy with the way that this thriller novel has changed the very way that I live.""]",166.20.201.229,"LAT: 79, LONG: -30",windows,chrome,windows,11/07/2024 11:25:47,07/15/2024 08:50:52,"[""golf clubs"", ""pilates reformer"", ""sports cap"", ""yoga blocks"", ""treadmill""]","[""golf clubs"", ""treadmill"", ""boxing gloves"", ""exercise resistance bands"", ""sports headband""]",exercise ball,07/01/2024,2025-07-31 16:57:57,10,33595.399999999994
Tia,Nate,tianate@protonmail.com,GK7OHngWjELzUBBH,9134779623,10/20/1992,50 hours 53 minutes 3 seconds,regular,true,paypal,"[""I am very happy with pet crate, it has changed my life.""]",23.248.226.158,"LAT: 62, LONG: -14",android,safari,android,10/15/2024 05:28:08,07/25/2023 15:34:30,"[""external hard drive"", ""action camera"", ""VR headset"", ""USB flash drive""]","[""phone case"", ""bluetooth speaker"", ""smart thermostat"", ""fitness tracker band"", ""smart doorbell""]",camera bag,07/01/2024,2025-07-31 16:57:57,0,0
Fay,Vanliam,fayvanliam@gmail.com,dYoc8NdrCPUB9DmS,1744161862,12/21/1962,11 hours 3 minutes 0 seconds,regular,true,credit_card,"[""I am not satisfied with this bookshelf organizers.""]",191.7.240.147,"LAT: 30, LONG: 86",unknown,firefox,unknown,08/22/2022 00:24:20,10/07/2024 14:18:09,"[""comb"", ""hair accessories set"", ""curling iron"", ""facial cleansing brush""]","[""makeup sponge"", ""hair ties"", ""facial cleansing brush"", ""hair accessories set"", ""nail polish set""]",shaving kit,07/01/2024,2025-07-31 16:57:57,0,0
Fay,Mctia,faymctia@outlook.com,0iMuT64jve0Z2jKh,5754809194,12/06/1985,88 hours 26 minutes 46 seconds,premium,true,stripe,"[""Wow I cannot believe this robot building kit"", ""I want to thank you for this bar stools, it has changed my life. I am very happy with this bar stools!"", ""My son bought this mystery novel and he has been telling me how happy he is with this mystery novel!""]",0.51.157.60,"LAT: 68, LONG: -79",android,chrome,android,07/31/2023 09:13:05,01/28/2023 10:36:29,"[""book covers"", ""textbook"", ""art book"", ""children's book""]","[""textbook"", ""biography"", ""thriller novel"", ""poetry collection""]",bookends,07/01/2024,2025-07-31 16:57:57,0,0
Zoe,Vancai,zoevancai@gmail.com,KJBr2z92mhqKLmDl,5074484070,07/02/1951,13 hours 43 minutes 58 seconds,regular,true,credit_card,"[""I am very happy with robot vacuum accessories, it has changed my life."", ""I am very happy with laptop, it has changed my life."", ""The amount of time I have save using this vacuum cleaner accessories is amazing! I am very happy with this vacuum cleaner accessories"", ""I am very frustrated with the Customer Service, they kept dropping my calls loungewear.""]",101.243.115.172,"LAT: -7, LONG: -134",windows,chrome,windows,12/14/2024 12:34:34,01/23/2023 22:43:08,"[""cutting board"", ""measuring cups""]","[""whisk"", ""oven mitts""]",cutting board set,07/01/2024,2025-07-31 16:57:57,4,666.54
Taj,Ada,tajada@outlook.com,FpY46UzWNo60IUpL,0092568901,07/13/1984,41 hours 57 minutes 34 seconds,premium,true,credit_card,"[""The way I was treated, I could not believe my ears. Hope you don't have to go through this pet nail clippers.""]",77.244.146.233,"LAT: 10, LONG: 102",windows,chrome,windows,11/23/2022 07:05:03,12/11/2023 15:48:57,"[""loafers"", ""dress shoes""]","[""dress shoes"", ""heels""]",sneaker cleaner,07/01/2024,2025-07-31 16:57:57,0,0
Cara,Zack,carazack@yahoo.com,44isvfiEgUno18x9,5812187630,12/27/1987,38 hours 17 minutes 4 seconds,regular,true,paypal,"[""Well worth the money on this bed"", ""I am cannot believe my eyes when I saw this underwear. I am very happy with this underwear"", ""I am cannot believe my eyes when I saw this elliptical machine. I am very happy with this elliptical machine""]",15.72.186.176,"LAT: -40, LONG: 8",unknown,safari,unknown,02/05/2023 05:06:43,02/04/2024 20:54:07,"[""air fryer"", ""apron"", ""grater"", ""colander"", ""cookware set""]","[""stand mixer"", ""measuring cups"", ""ladle"", ""measuring spoons""]",whisk,07/01/2024,2025-07-31 16:57:57,0,0
Eva,Vanwynton,evavanwynton@protonmail.com,R0tVa4Z1gDMhuwTx,3285974548,02/14/1968,77 hours 9 minutes 45 seconds,regular,true,stripe,"[""I am very happy the way that this exercise bike"", ""Wow this is an amazing toy organizers."", ""Wow this is an amazing heel grips.""]",2.215.95.115,"LAT: -39, LONG: -125",unknown,chrome,MacOS,07/27/2024 00:22:57,12/21/2022 15:19:41,"[""gym bag"", ""sports headband""]","[""balance board"", ""rowing machine"", ""soccer goal"", ""wrist wraps"", ""exercise resistance bands""]",golf clubs,07/01/2024,2025-07-31 16:57:57,0,0
Yas,Dihoa,yasdihoa@gmail.com,KsFWcu2RRv5SrzXb,5812730514,07/19/1995,94 hours 33 minutes 49 seconds,regular,true,credit_card,"[""I could not believe how rude the Customer service agent was. I am very dissatisfied with this lego set."", ""I am very happy with dining table"", ""I am very happy with the way that this nail polish set has changed the very way that I live."", ""I am very happy with the way that this t-shirt has changed the very way that I live."", ""Wow I cannot believe this board games""]",43.160.178.5,"LAT: -50, LONG: -108",unknown,firefox,unknown,10/04/2023 10:14:27,03/22/2022 10:21:09,"[""bookends"", ""photography book"", ""self-help book"", ""book display stand""]","[""photography book""]",bookshelf organizers,07/01/2024,2025-07-31 16:57:57,3,2599.94
Taj,Maccara,tajmaccara@icloud.com,gACQrFnXqxW8ByQA,3926678050,05/07/1955,76 hours 31 minutes 24 seconds,admin,true,stripe,"[""My son bought this hair care set and he has been telling me how happy he is with this hair care set!"", ""The amount of time I have save using this t-shirt is amazing! I am very happy with this t-shirt"", ""I am very frustrated with the Customer Service, they kept dropping my calls hiking boots."", ""I am very frustrated with the Customer Service, they kept dropping my calls remote control toy storage."", ""I am very frustrated with the Customer Service, they kept dropping my calls smart lock.""]",202.70.113.180,"LAT: -13, LONG: -6",unknown,chrome,linux,07/24/2023 14:00:42,01/03/2023 22:05:27,"[""makeup brushes"", ""lip balm"", ""nail file"", ""cosmetic organizer""]","[""makeup sponge"", ""spa gift set"", ""lip balm""]",curling iron,07/01/2024,2025-07-31 16:57:57,1,39.97
Chris,Vanbobley,chrisvanbobley@outlook.com,LhZKbhpQv6RiXmCb,0114819257,02/13/1955,10 hours 24 minutes 12 seconds,regular,true,paypal,"[""The way I was treated, I could not believe my ears. Hope you don't have to go through this pet food storage container."", ""I want to thank you for this flip flops, it has changed my life. I am very happy with this flip flops!"", ""I am cannot believe my eyes when I saw this self-help book. I am very happy with this self-help book""]",164.133.204.223,"LAT: -86, LONG: 165",android,chrome,android,01/22/2022 23:57:40,08/22/2023 18:21:46,"[""dollhouse accessories"", ""remote control drone""]","[""science kits"", ""lego storage"", ""trampoline accessories"", ""remote control toy storage"", ""educational toys""]",board games,07/01/2024,2025-07-31 16:57:57,2,1736.5900000000001
Qua,Elgabeley,quaelgabeley@gmail.com,tztLJRFNheuzjiQL,8338745318,02/13/1995,97 hours 21 minutes 58 seconds,premium,true,paypal,"[""I am very happy with the way that this electric kettle has changed the very way that I live."", ""Wow this is an amazing sports towel.""]",234.113.236.52,"LAT: 76, LONG: 129",windows,chrome,windows,10/31/2023 15:39:47,06/11/2024 04:47:27,"[""action camera"", ""gaming headset"", ""smart lock"", ""smart thermostat"", ""action camera mount""]","[""VR headset accessories""]",microphone,07/01/2024,2025-07-31 16:57:57,4,3450.68
Grace,Mctroy,gracemctroy@yahoo.com,1dwwZYLgnNAtXqDP,8228226111,06/14/1993,23 hours 21 minutes 37 seconds,regular,false,paypal,"[""I am very happy with blazer"", ""The way I was treated, I could not believe my ears. Hope you don't have to go through this washing machine."", ""The amount of time I have save using this boxing gloves is amazing! I am very happy with this boxing gloves"", ""I am very frustrated with the Customer Service, they kept dropping my calls microwave oven."", ""The way I was treated, I could not believe my ears. Hope you don't have to go through this pet toothpaste.""]",187.240.65.55,"LAT: 15, LONG: 138",unknown,firefox,unknown,04/04/2023 05:11:26,06/29/2023 10:03:03,"[""camera tripod"", ""robot vacuum cleaner"", ""4K TV"", ""headphones""]","[""laptop stand"", ""monitor stand"", ""external hard drive"", ""keyboard""]",smart home hub,07/01/2024,2025-07-31 16:57:57,2,9616.539999999999
Mia,Mcwillson,miamcwillson@outlook.com,BJg2Ji2lpdAbiMP4,8630791731,10/15/1969,15 hours 27 minutes 20 seconds,regular,true,stripe,"[""I am very happy with bicycle"", ""The way the dining chairs has changed my life, I could not believe my eyes when I saw this dining chairs!"", ""I am very dissatisfied with this bookends."", ""I am very dissatisfied with how this performs compared to the last version of this stuffed animal storage."", ""I am very happy with the way that this bookshelf organizers has changed the very way that I live.""]",72.105.35.175,"LAT: 21, LONG: 18",unknown,firefox,unknown,03/10/2023 23:02:58,08/21/2024 23:53:44,"[""bookshelf"", ""sofa covers"", ""dining table accessories"", ""mattress protector"", ""sectional sofa covers""]","[""wardrobe"", ""storage ottoman"", ""bookshelf"", ""office chair"", ""sectional sofa""]",mattress protector,07/01/2024,2025-07-31 16:57:57,0,0
Hank,Vonjen,hankvonjen@hotmail.com,fCeNTvOcs0XX2gIx,8806232115,05/22/1975,21 hours 35 minutes 16 seconds,free-trial,true,paypal,"[""The way the pajamas has changed my life, I could not believe my eyes when I saw this pajamas!"", ""I am very happy with the way that this home security camera has changed the very way that I live.""]",60.52.65.123,"LAT: -85, LONG: 117",unknown,firefox,unknown,12/06/2023 01:39:57,01/22/2024 14:14:44,"[""pet flea and tick treatment"", ""pet grooming gloves""]","[""pet crate accessories"", ""pet carrier accessories"", ""pet bed accessories""]",pet toothpaste,07/01/2024,2025-07-31 16:57:57,2,363.98
Kara,Eldee,karaeldee@aol.com,l69XkUGPLwivK5vP,6150134767,10/13/2000,71 hours 3 minutes 23 seconds,free-trial,false,paypal,"[""I am very happy with the way that this shoe polish has changed my life."", ""Well worth the money on this smart plug"", ""I am very frustrated with the Customer Service, they kept dropping my calls coat."", ""Wow this is an amazing balance board."", ""I am cannot believe my eyes when I saw this coffee table books. I am very happy with this coffee table books""]",26.76.202.104,"LAT: 13, LONG: -22",unknown,safari,unknown,08/12/2024 17:17:11,01/04/2023 21:36:09,"[""underwear"", ""jeans"", ""sweatshirt"", ""accessories"", ""skirt""]","[""socks"", ""coat""]",suit,07/01/2024,2025-07-31 16:57:57,0,0
Pia,Dejohn,piadejohn@yahoo.com,ADJB20q2y6K7xqeP,0922018356,05/31/1997,84 hours 33 minutes 24 seconds,premium,false,paypal,"[""Well worth the money on this slipper socks""]",141.43.51.40,"LAT: -50, LONG: -47",ios,safari,ios,05/13/2024 15:12:33,10/24/2024 00:51:55,"[""rice cooker parts"", ""food processor parts"", ""blender accessories""]","[""stove"", ""blender"", ""air purifier filters""]",toaster,07/01/2024,2025-07-31 16:57:57,3,39430.91
Udo,Stxan,udostxan@gmail.com,W7KIsXpx8k3C2LrQ,6228277466,07/31/1990,11 hours 51 minutes 43 seconds,regular,true,stripe,"[""I love this action camera mount."", ""I am very happy with the way that this biography has changed the very way that I live."", ""The way I was treated, I could not believe my ears. Hope you don't have to go through this smartwatch band."", ""I am very happy with patio umbrella"", ""I love this skateboard.""]",8.139.58.217,"LAT: 2, LONG: -56",windows,chrome,windows,11/19/2024 03:24:41,08/20/2022 07:50:23,"[""bookshelf organizers"", ""fantasy novel"", ""science fiction novel"", ""bookmarks""]","[""cookbook""]",comic book,07/01/2024,2025-07-31 16:57:57,3,9351.89
Will,Alpia,willalpia@hotmail.com,A4eYKGSS4z10pByj,3738086773,03/07/1966,102 hours 14 minutes 27 seconds,premium,true,paypal,"[""The way this activewear set has changed my life, I could not believe my eyes when I saw this activewear set!"", ""I am very satisfied with this nail file"", ""I could not believe how rude the Customer service agent was. I am very dissatisfied with this hair accessories set."", ""I am very dissatisfied with this food processor."", ""Wow this is an amazing heels.""]",122.155.210.33,"LAT: 44, LONG: -170",ios,firefox,ios,09/21/2023 11:38:58,10/11/2022 23:21:28,"[""blazer"", ""trench coat"", ""skirt"", ""sweatshirt"", ""t-shirt""]","[""socks"", ""leather jacket""]",blazer,07/01/2024,2025-07-31 16:57:57,0,0
Quo,Rex,quorex@yahoo.com,pnQTFFz1NgScpWzh,5089769191,05/22/1954,71 hours 50 minutes 59 seconds,regular,true,stripe,"[""I love this board games."", ""I am very frustrated with the Customer Service, they kept dropping my calls leather jacket.""]",149.29.182.191,"LAT: 49, LONG: -47",android,chrome,android,08/07/2023 20:51:02,07/13/2022 02:50:52,"[""sports gloves"", ""bicycle"", ""soccer goal"", ""yoga blocks""]","[""ankle weights"", ""sports headband"", ""barbell set""]",balance board,07/01/2024,2025-07-31 16:57:57,0,0
Grace,Macpam,gracemacpam@hotmail.com,N3skdPzNRLL9iH0o,4601138638,02/27/1959,54 hours 38 minutes 0 seconds,regular,false,credit_card,"[""I want to thank you for this cotton pads, it has changed my life. I am very happy with this cotton pads!""]",158.23.73.208,"LAT: -71, LONG: 112",ios,chrome,ios,01/01/2023 20:38:38,05/02/2024 10:27:55,"[""exercise mat"", ""sports watch"", ""skateboard"", ""bicycle""]","[""jump rope"", ""exercise bike"", ""balance board""]",hockey stick,07/01/2024,2025-07-31 16:57:57,3,6051.26
Xan,Nia,xannia@protonmail.com,yz2Vta4ozCQvyz6n,3746616358,08/15/1978,112 hours 34 minutes 51 seconds,regular,true,credit_card,"[""I am cannot believe my eyes when I saw this elliptical machine. I am very happy with this elliptical machine"", ""I am cannot believe my eyes when I saw this winter coat. I am very happy with this winter coat"", ""The way the fitness tracker accessories has changed my life, I could not believe my eyes when I saw this fitness tracker accessories!""]",254.93.181.135,"LAT: 4, LONG: -101",windows,safari,windows,02/02/2022 01:01:53,01/18/2023 00:15:30,"[""arts and crafts kits"", ""trampoline accessories"", ""educational toy storage"", ""musical instrument storage"", ""robot building kit""]","[""stuffed animal storage"", ""educational toys""]",educational toy storage,07/01/2024,2025-07-31 16:57:57,1,1690.54
Sia,Alcal,siaalcal@gmail.com,mLwwPRddMGKqD923,1824730190,10/24/1994,11 hours 28 minutes 34 seconds,regular,true,stripe,"[""The way I was treated, I could not believe my ears. Hope you don't have to go through this pet food storage container.""]",247.1.158.0,"LAT: 3, LONG: 48",ios,chrome,ios,01/26/2022 20:40:17,02/16/2024 04:22:31,"[""sneakers"", ""heels"", ""dress shoes"", ""boots"", ""shoe bags""]","[""shoe organizer"", ""arch support""]",sneaker cleaner,07/01/2024,2025-07-31 16:57:57,6,9545.06
Zoe,Paulley,zoepaulley@protonmail.com,WEQvYwwNskTCklam,3834004101,03/12/1952,120 hours 30 minutes 18 seconds,regular,true,credit_card,"[""I am very happy with this apron""]",66.160.165.88,"LAT: -6, LONG: 4",unknown,firefox,linux,02/26/2023 22:03:47,09/15/2024 02:04:07,"[""gaming chair cushions"", ""armchair"", ""recliner accessories"", ""dining table""]","[""sectional sofa"", ""dining table""]",sofa,07/01/2024,2025-07-31 16:57:57,0,0
Tia,Nedley,tianedley@yahoo.com,bcRy8caXTI0KRoxE,3892482450,11/20/1974,11 hours 33 minutes 15 seconds,premium,false,paypal,"[""I am very excited to try out this nail clippers. I have heard some many positive things!"", ""I am cannot believe my eyes when I saw this dehumidifier. I am very happy with this dehumidifier"", ""My son bought this travel toiletry bag and he has been telling me how happy he is with this travel toiletry bag!"", ""My son bought this and he is very happy with this pet collar""]",130.248.222.39,"LAT: 13, LONG: -43",ios,chrome,ios,03/27/2023 02:00:57,01/11/2023 21:53:54,"[""smart light bulb"", ""keyboard"", ""tablet"", ""gaming console"", ""smart lock""]","[""gaming mouse""]",action camera mount,07/01/2024,2025-07-31 16:57:57,0,0
Luke,Ginason,lukeginason@outlook.com,TKjCdMgvISt2WV7K,8210009124,05/31/1958,50 hours 58 minutes 5 seconds,regular,true,paypal,"[""I am very frustrated with the Customer Service, they kept dropping my calls dress."", ""I am cannot believe my eyes when I saw this sports towel. I am very happy with this sports towel""]",120.165.116.149,"LAT: -58, LONG: 53",windows,chrome,windows,09/11/2022 12:13:32,07/28/2024 19:58:04,"[""humidifier filters""]","[""slow cooker"", ""stove"", ""food processor"", ""electric kettle parts"", ""rice cooker""]",blender,07/01/2024,2025-07-31 16:57:57,0,0
Faye,Lanoah,fayelanoah@outlook.com,FrwLORruW4S6FBt0,4466695034,01/25/1981,114 hours 15 minutes 48 seconds,regular,true,paypal,"[""I want to thank you for this desktop computer, it has changed my life. I am very happy with this desktop computer!"", ""I love this baking sheets."", ""My son bought this bookshelf and he has been telling me how happy he is with this bookshelf!""]",61.68.19.103,"LAT: 65, LONG: 66",unknown,firefox,MacOS,03/08/2024 10:28:29,10/11/2023 16:16:04,"[""book storage box"", ""book covers"", ""bookshelf organizers"", ""bookends""]","[""fantasy novel"", ""self-help book"", ""young adult novel""]",art book,07/01/2024,2025-07-31 16:57:57,1,28.2
Abe,Dijohn,abedijohn@icloud.com,eftJOgqp3niqzqjX,4050015843,05/12/1980,107 hours 45 minutes 4 seconds,regular,false,credit_card,"[""I am very dissatisfied with how this performs compared to the last version of this facial tissues.""]",80.159.136.136,"LAT: 79, LONG: -115",unknown,safari,linux,12/03/2024 16:15:46,07/16/2023 02:10:59,"[""printer""]","[""smart light bulb"", ""monitor""]",robot vacuum accessories,07/01/2024,2025-07-31 16:57:57,0,0
Kate,Will,katewill@gmail.com,11gfgJ5YHQESZ8BS,4125261494,05/18/1994,47 hours 56 minutes 13 seconds,premium,true,credit_card,"[""My son bought this dehumidifier filters and he has been telling me how happy he is with this dehumidifier filters!""]",107.207.173.85,"LAT: -12, LONG: 19",unknown,chrome,linux,09/24/2024 08:06:32,08/28/2022 19:40:48,"[""recliner accessories""]","[""mattress protector"", ""dining table"", ""sofa covers"", ""dining table accessories""]",bar stools,07/01/2024,2025-07-31 16:57:57,6,12834.829999999998
Wes,Dijadesen,wesdijadesen@icloud.com,B7YsPTumYZFnM2Fk,8256031829,10/29/1957,117 hours 9 minutes 42 seconds,premium,false,paypal,"[""My son bought this and he is very happy with this peeler""]",100.37.71.34,"LAT: -61, LONG: 64",ios,safari,ios,07/11/2024 09:58:45,05/22/2022 13:19:05,"[""desk organizers""]","[""console table"", ""armchair""]",sectional sofa,07/01/2024,2025-07-31 16:57:57,10,13345.929999999998
Ivy,Mcxia,ivymcxia@gmail.com,rCtvoCsZm0hIloSj,3840328143,12/12/1964,54 hours 13 minutes 13 seconds,free-trial,true,stripe,"[""I am very satisfied with this shoehorn"", ""The amount of time I have save using this comic book is amazing! I am very happy with this comic book"", ""My son bought this and he is very happy with this robot building kit""]",211.170.77.245,"LAT: -48, LONG: -34",windows,safari,windows,03/29/2023 05:29:29,11/06/2024 10:35:16,"[""coffee maker"", ""air purifier filters""]","[""rice cooker"", ""stove"", ""microwave oven accessories""]",dehumidifier filters,07/01/2024,2025-07-31 16:57:57,0,0
Hank,Rex,hankrex@yahoo.com,w3Dp7PyXwF7nHZlS,7282964189,12/18/1969,108 hours 22 minutes 56 seconds,regular,true,stripe,"[""I am very dissatisfied with this jumpsuit."", ""The amount of time I have save using this cotton pads is amazing! I am very happy with this cotton pads"", ""I could not believe how rude the Customer service agent was. I am very dissatisfied with this ladle."", ""I am very happy the way that this shoe organizer"", ""My son bought this and he is very happy with this bathrobe""]",205.143.171.110,"LAT: 70, LONG: 24",ios,safari,ios,12/16/2023 06:26:08,12/10/2022 03:24:32,"[""makeup bag""]","[""nail file"", ""makeup bag"", ""makeup sponge"", ""beard grooming kit"", ""hair dryer""]",eyelash curler,07/01/2024,2025-07-31 16:57:57,6,3134.6899999999996
Alex,Quinn,alexquinn@gmail.com,T8wWqQjG6HgPa7SK,8733323210,04/10/1998,58 hours 1 minutes 51 seconds,regular,true,credit_card,"[""I am very happy with hair dryer"", ""I am very happy with the way that this sports water bottle has changed the very way that I live."", ""My son bought this baseball bat and he has been telling me how happy he is with this baseball bat!"", ""I am cannot believe my eyes when I saw this yoga blocks. I am very happy with this yoga blocks""]",53.187.232.209,"LAT: -9, LONG: -128",windows,firefox,windows,05/19/2022 10:51:47,08/10/2023 13:17:41,"[""gaming keyboard"", ""camera bag"", ""laptop"", ""webcam""]","[""gaming mouse"", ""headphones"", ""smart thermostat"", ""fitness tracker""]",robot vacuum accessories,07/01/2024,2025-07-31 16:57:57,5,35665.380000000005
Lara,Yas,larayas@outlook.com,HmE98LAiSkfvsOgq,5871308065,03/19/1976,123 hours 51 minutes 21 seconds,regular,true,credit_card,"[""I want to thank you for this slippers, it has changed my life. I am very happy with this slippers!"", ""The way I was treated, I could not believe my ears. Hope you don't have to go through this leather jacket.""]",154.5.23.205,"LAT: -34, LONG: 161",windows,safari,windows,12/26/2023 17:54:54,12/02/2022 05:56:37,"[""science fiction novel"", ""reading light""]","[""fantasy novel"", ""comic book""]",fantasy novel,07/01/2024,2025-07-31 16:57:57,0,0
Xander,Letia,xanderletia@gmail.com,UN4jysn7cZSWDd4D,9094776672,01/26/1988,62 hours 51 minutes 4 seconds,free-trial,true,stripe,"[""I am very happy with the way that this spatula has changed the very way that I live."", ""I am not satisfied with this musical instruments for kids."", ""I am not satisfied with this desktop computer.""]",25.196.232.28,"LAT: -62, LONG: 149",unknown,safari,linux,08/24/2022 11:56:42,10/10/2023 21:42:56,"[""slipper socks"", ""ankle boots""]","[""sandals"", ""arch support"", ""work boots"", ""ballet flats""]",boot shaper,07/01/2024,2025-07-31 16:57:57,0,0
Tia,Udo,tiaudo@icloud.com,uc4SGwe5Oxc0ajxS,4606716766,10/16/1960,61 hours 14 minutes 22 seconds,regular,true,credit_card,"[""I am very happy with this grater"", ""Well worth the money on this sweater"", ""I am very frustrated with the Customer Service, they kept dropping my calls. I just want to return this remote control boat."", ""I am very happy with the way that this pet grooming wipes has changed the very way that I live.""]",223.208.143.17,"LAT: 52, LONG: 115",unknown,chrome,MacOS,03/12/2024 01:40:37,04/20/2023 18:08:31,"[""sports gloves"", ""sports watch"", ""baseball bat""]","[""yoga mat"", ""tennis racket"", ""yoga blocks"", ""kettlebell set""]",exercise resistance bands,07/01/2024,2025-07-31 16:57:57,1,53.56
Yan,Mcquasen,yanmcquasen@yahoo.com,7rl7fLnulG9Qn3mi,3462592659,09/02/1987,64 hours 5 minutes 57 seconds,premium,true,paypal,"[""I am very happy with the way that this casual shoes has changed the very way that I live."", ""Well worth the money on this monitor stand""]",102.122.95.197,"LAT: -58, LONG: 57",android,safari,android,03/24/2022 02:08:58,05/07/2022 05:35:36,"[""shoe storage"", ""waterproof spray"", ""work boots"", ""shoehorn"", ""running shoes""]","[""shoehorn""]",shoehorn,07/01/2024,2025-07-31 16:57:57,4,17653.77
Kia,Xia,kiaxia@gmail.com,m8Ry91kxUNfeEwa0,0146088070,10/19/1979,114 hours 41 minutes 48 seconds,regular,true,stripe,"[""I am very frustrated with the Customer Service, they kept dropping my calls pet carrier accessories."", ""I am very happy with the way that this dress shoes has changed the very way that I live."", ""The way I was treated, I could not believe my ears. Hope you don't have to go through this slow cooker."", ""I am very happy the way that this pet water fountain""]",185.13.51.199,"LAT: 34, LONG: 65",unknown,safari,MacOS,11/26/2023 09:44:52,02/13/2023 00:16:40,"[""cutting board set"", ""apron""]","[""ceramic cookware""]",food processor,07/01/2024,2025-07-31 16:57:57,1,119.25
Dora,Osia,doraosia@gmail.com,zlPBrgrLafQ4vUDj,7053494872,08/18/1986,42 hours 56 minutes 57 seconds,premium,true,credit_card,"[""I am cannot believe my eyes when I saw this dehumidifier filters. I am very happy with this dehumidifier filters"", ""I love this shoe storage."", ""The amount of time I have save using this trampoline accessories is amazing! I am very happy with this trampoline accessories"", ""I love this dining table accessories."", ""My son bought this peeler and he has been telling me how happy he is with this peeler!""]",113.28.135.144,"LAT: 75, LONG: -92",android,firefox,android,04/20/2024 21:48:48,07/27/2023 20:36:31,"[""dining table""]","[""coffee table books"", ""office chair"", ""console table"", ""patio umbrella"", ""gaming chair cushions""]",recliner,07/01/2024,2025-07-31 16:57:57,0,0
Dora,Saintora,dorasaintora@outlook.com,5iTGAczhbBPCu7oY,1737821382,09/06/1999,78 hours 26 minutes 18 seconds,premium,true,stripe,"[""I am very happy with the way that this wrist wraps has changed the very way that I live.""]",81.157.34.125,"LAT: 11, LONG: 155",ios,firefox,ios,12/15/2022 02:10:43,11/07/2022 21:44:50,"[""blender accessories"", ""dehumidifier"", ""refrigerator"", ""toaster""]","[""blender"", ""humidifier"", ""food processor"", ""washing machine"", ""slow cooker parts""]",electric kettle,07/01/2024,2025-07-31 16:57:57,0,0
Holly,Lakiaton,hollylakiaton@gmail.com,bFSYwtOE0oN0bRBN,8963229517,02/07/1975,62 hours 8 minutes 8 seconds,premium,true,paypal,"[""I am very satisfied with this sneakers""]",89.243.55.249,"LAT: -12, LONG: -132",ios,firefox,ios,11/21/2023 16:20:22,04/22/2022 22:17:45,"[""gaming headset"", ""gaming laptop""]","[""action camera mount"", ""gaming console""]",USB flash drive,07/01/2024,2025-07-31 16:57:57,0,0
Sage,Saintjen,sagesaintjen@aol.com,4FkzMiQuapQXFCwu,1195923505,03/21/1952,55 hours 50 minutes 5 seconds,free-trial,true,credit_card,"[""I am very happy with the way that this pet harness has changed the very way that I live."", ""I am very happy with art book, it has changed my life."", ""I want to thank you for this action camera, it has changed my life. I am very happy with this action camera!"", ""My son bought this curling iron and he has been telling me how happy he is with this curling iron!"", ""I am very excited to try out this lego storage. I have heard some many positive things!""]",240.55.132.92,"LAT: 52, LONG: -163",ios,safari,ios,10/17/2022 06:34:45,09/05/2022 05:31:25,"[""phone case"", ""microphone"", ""camera tripod""]","[""smart speaker"", ""laptop stand"", ""smart thermostat""]",USB flash drive,07/01/2024,2025-07-31 16:57:57,5,9413.44
Kate,Sage,katesage@hotmail.com,5elkSsuz7TZaKOzX,1733580028,07/13/1985,99 hours 42 minutes 42 seconds,regular,true,paypal,"[""I am very happy with this bobby pins""]",84.1.135.190,"LAT: 43, LONG: -29",windows,safari,windows,08/24/2024 15:58:27,06/22/2022 17:34:14,"[""pet grooming gloves"", ""pet bed"", ""pet harness"", ""pet crate"", ""pet travel bag""]","[""pet harness""]",pet food storage container,07/01/2024,2025-07-31 16:57:57,4,1388.08
Hank,Zoeley,hankzoeley@yahoo.com,03ALYiPyikVNbTMw,3065922859,04/20/1956,116 hours 3 minutes 38 seconds,regular,true,stripe,"[""My son bought this musical instrument storage and he has been telling me how happy he is with this musical instrument storage!""]",221.65.210.169,"LAT: 29, LONG: -71",unknown,chrome,linux,08/31/2024 21:58:18,07/08/2022 01:55:32,"[""baking sheets"", ""peeler"", ""mixing bowls""]","[""kitchen scale""]",cutting board,07/01/2024,2025-07-31 16:57:57,1,131.9
Dora,Diray,doradiray@protonmail.com,P6dZ92Y9uc8MwiCR,3549471030,10/03/2005,18 hours 4 minutes 3 seconds,premium,true,stripe,"[""I am very happy with the way that this coffee table has changed the very way that I live."", ""I am very frustrated with the Customer Service, they kept dropping my calls. I just want to return this blender."", ""Well worth the money on this wardrobe organizers""]",176.92.107.110,"LAT: -47, LONG: -81",ios,safari,ios,03/15/2022 14:34:24,06/11/2023 01:17:54,"[""rice cooker"", ""air purifier"", ""air purifier filters""]","[""oven""]",water heater,07/01/2024,2025-07-31 16:57:57,1,286.03
Chris,Lania,chrislania@hotmail.com,4q5N87bXwytmYQOl,6165700181,05/07/1992,30 hours 25 minutes 35 seconds,regular,true,paypal,"[""I want to thank you for this console table, it has changed my life. I am very happy with this console table!"", ""My son bought this and he is very happy with this storage ottoman"", ""I am very happy with the way that this boots has changed the very way that I live."", ""I am very happy with gaming chair"", ""The way the toaster oven has changed my life, I could not believe my eyes when I saw this toaster oven!""]",82.25.124.224,"LAT: 58, LONG: 59",windows,firefox,windows,06/30/2023 10:49:00,10/24/2024 00:43:55,"[""shoehorn"", ""heels""]","[""ballet flats"", ""ankle boots"", ""shoehorn""]",shoehorn,07/01/2024,2025-07-31 16:57:57,10,9370.79
Zia,Finn,ziafinn@icloud.com,L1Mcvd1T9Kbnqisf,7178238427,05/05/1979,121 hours 50 minutes 27 seconds,regular,true,stripe,"[""I am very happy with the way that this air purifier filters has changed the very way that I live."", ""I am very happy with tweezers, it has changed my life."", ""The way I was treated, I could not believe my ears. Hope you don't have to go through this cosmetic organizer.""]",224.203.197.209,"LAT: 34, LONG: -140",windows,chrome,windows,04/04/2023 23:16:55,12/05/2023 22:05:41,"[""suit""]","[""swimwear""]",accessories,07/01/2024,2025-07-31 16:57:57,2,1302.3200000000002
Ivy,Vonnia,ivyvonnia@gmail.com,aVkGz5DthmTw6DkS,7679912231,10/28/1970,27 hours 13 minutes 37 seconds,premium,true,stripe,"[""Well worth the money on this storage ottoman"", ""Well worth the money on this mystery novel"", ""I am very happy with self-help book, it has changed my life."", ""I am very dissatisfied with this pet bed."", ""The amount of time I have save using this lego storage is amazing! I am very happy with this lego storage""]",116.187.167.168,"LAT: 90, LONG: 112",unknown,chrome,unknown,03/18/2023 15:08:18,04/17/2024 15:36:38,"[""smart doorbell"", ""external hard drive"", ""VR headset accessories"", ""camera tripod"", ""smart plug""]","[""USB flash drive"", ""fitness tracker"", ""smart thermostat""]",smart lock,07/01/2024,2025-07-31 16:57:57,0,0
Luna,Leviv,lunaleviv@yahoo.com,vhCI64pwjA8J4nFi,0218845774,11/15/1988,30 hours 7 minutes 8 seconds,free-trial,true,credit_card,"[""The way I was treated, I could not believe my ears. Hope you don't have to go through this shoe laces."", ""I am very dissatisfied with the way that this cutting board has changed my life."", ""I am very happy with photography book"", ""I am very happy with the way that this coat has changed my life."", ""I am very happy with the way that this leather jacket has changed my life.""]",54.64.197.60,"LAT: -14, LONG: -82",unknown,firefox,unknown,02/25/2023 12:57:19,05/12/2024 02:04:07,"[""bookshelf organizers"", ""gaming chair cushions"", ""bar stools"", ""wardrobe""]","[""wardrobe"", ""office chair cushions"", ""desk"", ""dining table accessories"", ""gaming chair cushions""]",dining chairs,07/01/2024,2025-07-31 16:57:57,4,16797.8
Vera,Osage,veraosage@hotmail.com,wMMRlIridtGQxbA5,5835346033,02/25/2005,92 hours 24 minutes 18 seconds,regular,true,paypal,"[""I am very happy with this pilates reformer"", ""I am very happy with this children's book"", ""Wow this is an amazing pet grooming gloves."", ""I am cannot believe my eyes when I saw this baking set. I am very happy with this baking set""]",32.22.99.172,"LAT: 24, LONG: 132",android,safari,android,04/22/2023 10:00:00,06/16/2023 03:45:07,"[""bar stools"", ""gaming chair"", ""dining table"", ""outdoor furniture set""]","[""armchair"", ""bookshelf"", ""wardrobe organizers"", ""bookshelf organizers"", ""sofa covers""]",gaming chair,07/01/2024,2025-07-31 16:57:57,1,850.8
Oona,Ray,oonaray@yahoo.com,UhauhUUaBLEI3eX9,1091361140,01/10/1962,52 hours 45 minutes 6 seconds,regular,false,stripe,"[""The way the storage ottoman has changed my life, I could not believe my eyes when I saw this storage ottoman!"", ""I could not believe how rude the Customer service agent was. I am very dissatisfied with this microwave oven accessories."", ""Wow this is an amazing hair dryer."", ""The amount of time I have save using this bookmarks is amazing! I am very happy with this bookmarks""]",76.70.228.247,"LAT: -9, LONG: 107",android,chrome,android,04/25/2023 17:18:12,03/06/2022 18:53:32,"[""whisk""]","[""colander""]",kitchen utensils set,07/01/2024,2025-07-31 16:57:57,1,89.9
Moe,Cai,moecai@yahoo.com,J5x8ncsNGEitlR7D,2470487272,10/09/1985,90 hours 43 minutes 46 seconds,regular,true,credit_card,"[""Wow I cannot believe this dress""]",36.67.164.27,"LAT: 19, LONG: 132",android,chrome,android,06/18/2022 15:20:56,02/12/2024 07:47:12,"[""kitchen utensils set"", ""baking set"", ""food processor""]","[""non-stick cookware"", ""cutting board"", ""air fryer"", ""stand mixer""]",kitchen towels,07/01/2024,2025-07-31 16:57:57,2,787.6
Vera,Mcritason,veramcritason@yahoo.com,sOEnBoNIxHFFUrAO,3228174136,01/12/1982,107 hours 39 minutes 42 seconds,free-trial,true,credit_card,"[""The way I was treated, I could not believe my ears. Hope you don't have to go through this water heater."", ""The way I was treated, I could not believe my ears. Hope you don't have to go through this educational toy storage."", ""The amount of time I have save using this self-help book is amazing! I am very happy with this self-help book"", ""Well worth the money on this fitness tracker accessories""]",254.24.33.208,"LAT: -5, LONG: -33",windows,firefox,windows,01/25/2022 16:04:42,08/31/2024 22:09:36,"[""rice cooker"", ""peeler""]","[""ceramic cookware"", ""kitchen scale"", ""peeler"", ""tongs"", ""spatula""]",baking set,07/01/2024,2025-07-31 16:57:57,0,0
Moe,Elhugo,moeelhugo@protonmail.com,x9Uls5EQICOzmdIv,5292825903,10/09/1975,108 hours 58 minutes 55 seconds,premium,true,stripe,"[""Wow I cannot believe this puzzles"", ""The way I was treated, I could not believe my ears. Hope you don't have to go through this slippers."", ""The amount of time I have save using this smartwatch band is amazing! I am very happy with this smartwatch band"", ""Wow I cannot believe this pet travel bag"", ""I want to thank you for this eyebrow pencil, it has changed my life. I am very happy with this eyebrow pencil!""]",138.37.66.121,"LAT: -43, LONG: 53",android,firefox,android,08/12/2023 05:56:40,02/26/2024 11:30:38,"[""poetry collection"", ""romance novel"", ""science fiction novel"", ""book storage box""]","[""art book"", ""graphic novel"", ""romance novel"", ""bookshelf organizers"", ""fantasy novel""]",book storage box,07/01/2024,2025-07-31 16:57:57,0,0
Ivy,Saintkyleson,ivysaintkyleson@yahoo.com,IHoutrgBWkVj5mlp,9717208664,01/20/1963,92 hours 51 minutes 48 seconds,regular,true,credit_card,"[""I am very excited to try out this golf clubs. I have heard some many positive things!"", ""The way I was treated, I could not believe my ears. Hope you don't have to go through this smart speaker."", ""I am very happy with the way that this nail file has changed the very way that I live."", ""My son bought this biography and he has been telling me how happy he is with this biography!""]",111.245.247.7,"LAT: -35, LONG: 71",windows,chrome,windows,08/03/2023 07:24:52,04/09/2023 12:45:36,"[""book covers"", ""bookshelf organizers"", ""book display stand"", ""children's book"", ""cookbook""]","[""bookshelf organizers""]",bookshelf organizers,07/01/2024,2025-07-31 16:57:57,1,1730.0
Jane,Lara,janelara@outlook.com,yA4pqHB2luQIJkWj,0258218495,09/30/1968,119 hours 31 minutes 11 seconds,regular,true,credit_card,"[""The way I was treated, I could not believe my ears. Hope you don't have to go through this underwear."", ""I am cannot believe my eyes when I saw this art book. I am very happy with this art book"", ""My son bought this and he is very happy with this food processor"", ""I am not satisfied with this vacuum cleaner accessories."", ""I am very happy with jump rope, it has changed my life.""]",28.198.19.53,"LAT: -59, LONG: 66",ios,firefox,ios,02/12/2023 15:46:35,08/27/2023 12:28:56,"[""toy storage bins"", ""science kits"", ""puzzle storage"", ""trampoline""]","[""remote control car"", ""lego storage""]",stuffed animal storage,07/01/2024,2025-07-31 16:57:57,2,6389.87
Udo,Lamax,udolamax@gmail.com,NtSeBMdWDOnzCiz7,4445869144,03/10/1990,15 hours 20 minutes 40 seconds,premium,true,stripe,"[""The amount of time I have save using this trampoline is amazing! I am very happy with this trampoline""]",20.138.149.101,"LAT: -69, LONG: 126",windows,firefox,windows,01/22/2024 01:56:39,10/09/2023 15:10:50,"[""pet nail clippers"", ""pet shampoo"", ""pet waste bags"", ""pet water fountain""]","[""pet bed"", ""pet leash"", ""pet dental care kit"", ""pet training pads""]",pet scratching post,07/01/2024,2025-07-31 16:57:57,3,563.9300000000001
Zoe,Hank,zoehank@gmail.com,yMNHKLT3Qq62PV2d,1670798717,04/20/1972,118 hours 26 minutes 28 seconds,regular,true,paypal,"[""I want to thank you for this stuffed animals, it has changed my life. I am very happy with this stuffed animals!"", ""The way I was treated, I could not believe my ears. Hope you don't have to go through this sectional sofa."", ""The way I was treated, I could not believe my ears. Hope you don't have to go through this wardrobe organizers.""]",127.56.248.113,"LAT: 80, LONG: 93",android,safari,android,10/07/2024 07:38:42,04/05/2024 08:20:36,"[""remote control toy storage"", ""dollhouse accessories"", ""educational toys""]","[""remote control drone""]",musical instruments for kids,07/01/2024,2025-07-31 16:57:57,1,1366.29
Ola,Udo,olaudo@icloud.com,8YwO8YZ52m9hRr01,9583462111,02/05/1982,90 hours 50 minutes 9 seconds,regular,true,credit_card,"[""I am very happy with the way that this accessories has changed the very way that I live."", ""I am very happy with the way that this skirt has changed the very way that I live."", ""I am very happy with makeup remover wipes"", ""I am cannot believe my eyes when I saw this pet food storage container. I am very happy with this pet food storage container""]",112.226.155.17,"LAT: -81, LONG: -152",ios,firefox,ios,12/23/2023 18:07:08,11/18/2023 11:05:35,"[""underwear"", ""sweater"", ""coat"", ""socks"", ""leather jacket""]","[""suit"", ""loungewear"", ""dress shirt"", ""parka""]",dress,07/01/2024,2025-07-31 16:57:57,0,0
Yas,Stbea,yasstbea@hotmail.com,q8ABYa6vFnYwPsHH,5327107158,10/07/1962,23 hours 40 minutes 57 seconds,regular,true,paypal,"[""I am very satisfied with this VR headset"", ""I am very happy with pet nail clippers"", ""I want to thank you for this jumpsuit, it has changed my life. I am very happy with this jumpsuit!"", ""The way this hair clips has changed my life, I could not believe my eyes when I saw this hair clips!""]",155.138.131.214,"LAT: 69, LONG: -85",unknown,safari,unknown,12/04/2022 16:02:40,10/05/2023 01:54:38,"[""kitchen towels"", ""can opener"", ""cutting board set"", ""kitchen knife set""]","[""ceramic cookware"", ""rice cooker"", ""kitchen knife set"", ""espresso machine"", ""air fryer""]",baking sheets,07/01/2024,2025-07-31 16:57:57,0,0
Kai,Alnedsen,kaialnedsen@hotmail.com,SSgjcvShwN7qJAeC,0786067623,08/30/1997,18 hours 15 minutes 41 seconds,regular,true,paypal,"[""I am very frustrated with the Customer Service, they kept dropping my calls smart light bulb."", ""The way I was treated, I could not believe my ears. Hope you don't have to go through this lego set."", ""The way I was treated, I could not believe my ears. Hope you don't have to go through this hair straightener."", ""Wow I cannot believe this pet grooming wipes"", ""I want to thank you for this office chair cushions, it has changed my life. I am very happy with this office chair cushions!""]",155.68.195.30,"LAT: 63, LONG: 38",ios,firefox,ios,08/28/2024 05:02:11,01/22/2024 21:31:52,"[""parka"", ""trench coat""]","[""hoodie"", ""blazer""]",winter coat,07/01/2024,2025-07-31 16:57:57,0,0
Jade,Stzack,jadestzack@gmail.com,Mu4Wqz9ZT4NUtBvA,3829477190,01/26/1957,44 hours 52 minutes 20 seconds,regular,false,stripe,"[""The way I was treated, I could not believe my ears. Hope you don't have to go through this pet flea and tick treatment."", ""I am very happy with rice cooker parts"", ""The way I was treated, I could not believe my ears. Hope you don't have to go through this coffee machine."", ""I am very happy with the way that this pet carrier accessories has changed the very way that I live.""]",198.129.205.89,"LAT: 61, LONG: 82",windows,safari,windows,04/16/2023 21:26:00,07/02/2022 14:46:33,"[""golf clubs"", ""exercise resistance bands""]","[""sports water bottle"", ""balance board"", ""tennis racket""]",ankle weights,07/01/2024,2025-07-31 16:57:57,1,233.26
Yan,Eva,yaneva@gmail.com,UWTF08yeClK8xC6x,6063610000,09/20/1987,42 hours 40 minutes 29 seconds,premium,true,stripe,"[""I am very happy with this baseball bat"", ""I could not believe how rude the Customer service agent was. I am very dissatisfied with this printer."", ""I am very frustrated with the Customer Service, they kept dropping my calls smart thermostat."", ""I am very happy with kettlebell set, it has changed my life."", ""The way I was treated, I could not believe my ears. Hope you don't have to go through this art book.""]",162.89.139.119,"LAT: -74, LONG: -57",windows,chrome,windows,05/30/2024 18:35:39,09/11/2023 08:09:04,"[""pet waste bags"", ""pet bed accessories"", ""pet scratching post"", ""pet water fountain""]","[""pet first aid kit"", ""pet training treats""]",pet odor eliminator,07/01/2024,2025-07-31 16:57:57,1,100.8
Xan,Aliceley,xanaliceley@outlook.com,etcKQtJ9kChZp2Ur,7168882214,05/22/1953,121 hours 40 minutes 22 seconds,premium,true,credit_card,"[""I am very frustrated with the Customer Service, they kept dropping my calls sneakers."", ""I hate this board game storage."", ""I am very frustrated with the Customer Service, they kept dropping my calls gaming chair.""]",162.205.231.25,"LAT: -28, LONG: 81",android,chrome,android,11/14/2022 16:39:41,10/24/2023 19:16:02,"[""coffee maker"", ""toaster accessories""]","[""humidifier filters""]",oven,07/01/2024,2025-07-31 16:57:57,4,5186.02
Chris,Vanalice,chrisvanalice@yahoo.com,vbYdD8XxY4P1Ocmv,8539558935,04/06/1971,99 hours 36 minutes 18 seconds,premium,true,credit_card,"[""The amount of time I have save using this pet travel bag is amazing! I am very happy with this pet travel bag"", ""The amount of time I have save using this exercise mat is amazing! I am very happy with this exercise mat""]",130.143.40.17,"LAT: -87, LONG: 131",ios,chrome,ios,09/03/2022 11:11:13,01/21/2024 08:40:43,"[""pet shampoo"", ""pet collar"", ""pet leash""]","[""pet water bowl"", ""pet bed"", ""pet first aid kit""]",pet shampoo,07/01/2024,2025-07-31 16:57:57,0,0
Frank,Vanxan,frankvanxan@gmail.com,3VuzvhJaxQRkPL1Z,8685491079,12/30/1958,36 hours 20 minutes 21 seconds,regular,true,paypal,"[""The way I was treated, I could not believe my ears. Hope you don't have to go through this comic book.""]",41.235.77.76,"LAT: 63, LONG: -142",ios,safari,ios,04/24/2024 09:49:26,08/30/2024 15:25:41,"[""recliner accessories""]","[""office chair"", ""gaming chair cushions"", ""bookshelf organizers""]",bar stools,07/01/2024,2025-07-31 16:57:57,0,0
Viv,Denoah,vivdenoah@yahoo.com,X3m7Hcije7NmMkMS,7557508817,08/28/1967,12 hours 0 minutes 11 seconds,regular,true,credit_card,"[""I am very happy with the way that this baseball bat has changed the very way that I live."", ""I love this exercise bike."", ""I am very happy with underwear""]",248.234.27.184,"LAT: 23, LONG: 175",ios,firefox,ios,12/24/2022 08:05:53,04/02/2022 12:05:34,"[""robot building kit""]","[""play kitchen"", ""trampoline accessories""]",play kitchen accessories,07/01/2024,2025-07-31 16:57:57,1,190.47
Ike,Elfaysen,ikeelfaysen@gmail.com,vz70iyqFcDcAWsVq,3281330465,02/06/2001,27 hours 43 minutes 43 seconds,regular,true,paypal,"[""I am very dissatisfied with the way that this leather jacket has changed my life."", ""I am very satisfied with this sectional sofa"", ""The way I was treated, I could not believe my ears. Hope you don't have to go through this romance novel.""]",127.213.10.154,"LAT: 89, LONG: -169",unknown,firefox,unknown,09/22/2023 07:23:13,06/19/2022 21:52:39,"[""pajamas"", ""t-shirt""]","[""leather jacket"", ""activewear set"", ""jeans""]",t-shirt,07/01/2024,2025-07-31 16:57:57,5,8992.34
Faye,Cal,fayecal@gmail.com,5W3cX5cTHo8Bp2bG,0304351119,01/28/1984,41 hours 50 minutes 59 seconds,regular,false,stripe,"[""The way I was treated, I could not believe my ears. Hope you don't have to go through this shoe storage."", ""I am very frustrated with the Customer Service, they kept dropping my calls. I just want to return this yoga blocks."", ""I am very frustrated with the Customer Service, they kept dropping my calls skirt."", ""The way I was treated, I could not believe my ears. Hope you don't have to go through this elliptical machine.""]",164.58.252.21,"LAT: 6, LONG: 135",android,chrome,android,01/31/2023 09:25:55,02/25/2022 21:33:05,"[""mystery novel"", ""children's book"", ""history book"", ""self-help book""]","[""bookmarks"", ""textbook"", ""book covers""]",children's book,07/01/2024,2025-07-31 16:57:57,1,104.09
Fay,Sly,faysly@outlook.com,M5wnfV6mH0DEIi4f,6725397743,01/25/1970,87 hours 4 minutes 58 seconds,regular,true,credit_card,"[""I am very happy with dollhouse accessories"", ""Wow I cannot believe this desk""]",43.183.230.23,"LAT: 33, LONG: -68",unknown,safari,unknown,10/02/2022 12:42:45,12/01/2022 14:39:10,"[""hair ties"", ""bathrobe"", ""shower gel"", ""hair clips"", ""makeup brushes""]","[""bathrobe"", ""hair dryer"", ""lip balm"", ""cosmetic organizer""]",comb,07/01/2024,2025-07-31 16:57:57,5,3594.3100000000004
Isla,Opam,islaopam@gmail.com,qaP9NNE5t6v2SiG6,8166097955,03/11/1951,17 hours 11 minutes 6 seconds,regular,true,credit_card,"[""My son bought this headphones and he has been telling me how happy he is with this headphones!""]",13.35.125.163,"LAT: -44, LONG: -125",windows,safari,windows,10/06/2023 18:08:29,11/03/2024 22:19:29,"[""air conditioner"", ""washing machine""]","[""humidifier filters"", ""toaster"", ""vacuum cleaner accessories"", ""slow cooker parts""]",vacuum cleaner,07/01/2024,2025-07-31 16:57:57,2,988.3800000000001
Kai,Vonsia,kaivonsia@hotmail.com,zjQecZHsejuhZx1d,3263995694,04/05/1960,86 hours 24 minutes 42 seconds,free-trial,true,credit_card,"[""I am very happy with the way that this puzzle storage"", ""The way I was treated, I could not believe my ears. Hope you don't have to go through this trench coat."", ""I love this dehumidifier filters."", ""I am very happy the way that this microwave oven accessories""]",65.38.119.141,"LAT: -53, LONG: 127",android,safari,android,12/19/2024 04:02:59,08/06/2022 07:00:13,"[""bluetooth speaker"", ""fitness tracker""]","[""action camera mount"", ""camera"", ""fitness tracker band"", ""microphone""]",monitor stand,07/01/2024,2025-07-31 16:57:57,6,12004.12
Zia,Jane,ziajane@yahoo.com,TBca4ajyKvVu4GDO,1075813014,09/08/1988,63 hours 45 minutes 21 seconds,regular,true,stripe,"[""I am very happy with pet comb"", ""I am very happy the way that this cutting board"", ""The way I was treated, I could not believe my ears. Hope you don't have to go through this ladle."", ""I love this gaming console."", ""I am very frustrated with the Customer Service, they kept dropping my calls e-reader.""]",97.44.166.224,"LAT: 72, LONG: 67",unknown,safari,linux,05/02/2023 12:34:32,12/11/2024 01:25:35,"[""sports headband"", ""sports towel"", ""baseball bat"", ""exercise resistance bands""]","[""balance board""]",exercise ball,07/01/2024,2025-07-31 16:57:57,2,1271.63
Owen,Jack,owenjack@protonmail.com,Ono2F982uzuBEcNB,8821762155,08/02/1963,119 hours 28 minutes 36 seconds,regular,true,paypal,"[""The way I was treated, I could not believe my ears. Hope you don't have to go through this accessories.""]",53.184.222.128,"LAT: -13, LONG: 95",android,safari,android,07/26/2023 12:53:34,11/07/2024 21:18:09,"[""home security system""]","[""VR headset"", ""smart home device"", ""tablet case""]",robot vacuum cleaner,07/01/2024,2025-07-31 16:57:57,0,0
Grace,Elnia,graceelnia@gmail.com,14bp7vB67a3IYvcE,3368107323,06/12/1999,96 hours 10 minutes 49 seconds,regular,true,stripe,"[""My son bought this play kitchen accessories and he has been telling me how happy he is with this play kitchen accessories!"", ""I am very happy with this hair care set""]",88.63.215.41,"LAT: -12, LONG: -51",ios,safari,ios,07/08/2022 05:03:24,06/22/2023 11:37:10,"[""soccer goal"", ""hockey stick"", ""sports headband""]","[""sports socks""]",baseball bat,07/01/2024,2025-07-31 16:57:57,5,4097.59
Mila,Noahson,milanoahson@aol.com,wvv1iJ7WCfaOIy68,1461864015,05/30/1988,114 hours 23 minutes 42 seconds,admin,true,stripe,"[""I am very frustrated with the Customer Service, they kept dropping my calls camera bag."", ""My son bought this mystery novel and he has been telling me how happy he is with this mystery novel!"", ""I love this bar stools."", ""Wow I cannot believe this nail file""]",158.7.134.214,"LAT: 25, LONG: 93",windows,safari,windows,02/25/2023 19:20:23,09/15/2024 10:15:25,"[""sneaker cleaner""]","[""shoe bags"", ""shoe care kit"", ""shoe organizer"", ""sneaker cleaner"", ""shoehorn""]",wedge sandals,07/01/2024,2025-07-31 16:57:57,0,0
Zed,Lazedley,zedlazedley@gmail.com,vAcbtG2PIHFQJWJo,0246804716,11/14/1964,54 hours 18 minutes 42 seconds,premium,true,paypal,"[""I am very frustrated with the Customer Service, they kept dropping my calls waterproof spray."", ""I am very frustrated with the Customer Service, they kept dropping my calls pet leash."", ""I am very happy with the way that this skincare set"", ""I am very happy with this espresso machine""]",61.70.36.65,"LAT: 11, LONG: -88",android,safari,android,08/03/2022 20:10:06,10/29/2024 12:19:57,"[""water heater parts"", ""dehumidifier"", ""humidifier filters""]","[""refrigerator"", ""blender accessories""]",food processor,07/01/2024,2025-07-31 16:57:57,1,3545.37
Vic,Ladan,vicladan@yahoo.com,aiO8c5jM5os0OvaI,5851051040,08/04/1974,113 hours 57 minutes 0 seconds,premium,true,paypal,"[""Well worth the money on this toaster""]",134.85.176.151,"LAT: -2, LONG: 26",unknown,firefox,unknown,10/15/2022 13:18:29,05/07/2024 21:23:34,"[""pet training treats"", ""pet training pads"", ""pet grooming kit"", ""pet toothpaste""]","[""pet odor eliminator"", ""pet carrier accessories"", ""pet nail clippers""]",pet bed,07/01/2024,2025-07-31 16:57:57,0,0
Cai,Degiasen,caidegiasen@gmail.com,EOPpx42ObmOjDG7W,8368020899,01/29/1955,52 hours 40 minutes 10 seconds,regular,true,paypal,"[""Wow I cannot believe this blender"", ""I am very happy the way that this smart light bulb"", ""The way the hair ties has changed my life, I could not believe my eyes when I saw this hair ties!"", ""I want to thank you for this blender accessories, it has changed my life. I am very happy with this blender accessories!"", ""I want to thank you for this robot vacuum accessories, it has changed my life. I am very happy with this robot vacuum accessories!""]",91.122.235.255,"LAT: 23, LONG: 161",unknown,safari,linux,12/20/2023 10:58:22,03/25/2024 07:49:39,"[""pet food storage container"", ""pet scratching post"", ""pet feeding mat"", ""pet bed accessories"", ""pet shampoo""]","[""pet bed"", ""pet comb"", ""pet shampoo"", ""pet grooming kit"", ""pet carrier""]",pet dental care kit,07/01/2024,2025-07-31 16:57:57,0,0
Kia,Sam,kiasam@aol.com,ky6ite6uDMsVd3de,8156793707,05/08/1961,120 hours 47 minutes 21 seconds,regular,true,stripe,"[""Wow I cannot believe this shoe storage""]",42.254.152.184,"LAT: 12, LONG: 67",ios,firefox,ios,11/18/2023 16:37:34,09/01/2022 06:54:18,"[""blender accessories"", ""toaster accessories"", ""air purifier filters"", ""rice cooker parts""]","[""refrigerator"", ""vacuum cleaner"", ""rice cooker parts"", ""microwave oven accessories""]",humidifier,07/01/2024,2025-07-31 16:57:57,4,553.41
Grace,Ray,graceray@outlook.com,JmkgT6tQp5q8Tal9,5954473702,05/07/1984,28 hours 17 minutes 35 seconds,regular,true,credit_card,"[""Wow I cannot believe this makeup bag"", ""I am very dissatisfied with how this performs compared to the last version of this smart speaker."", ""I am very frustrated with the Customer Service, they kept dropping my calls sports gloves."", ""I am very frustrated with the Customer Service, they kept dropping my calls pet food dispenser."", ""Well worth the money on this blazer""]",96.121.65.246,"LAT: -6, LONG: -37",android,chrome,android,04/23/2022 17:20:27,06/02/2022 03:31:32,"[""soccer goal"", ""wrist wraps"", ""gym bag""]","[""sports cap"", ""jump rope"", ""basketball hoop"", ""sports towel"", ""tennis racket""]",exercise resistance bands,07/01/2024,2025-07-31 16:57:57,0,0
Faye,Devivley,fayedevivley@icloud.com,vBKSbkA0ZvLYqiSP,1671673424,02/26/1950,30 hours 0 minutes 36 seconds,free-trial,true,paypal,"[""Wow this is an amazing hair ties."", ""I am very happy with slow cooker""]",234.175.248.237,"LAT: 38, LONG: 172",ios,safari,ios,03/08/2023 14:44:06,08/19/2022 21:28:38,"[""toaster""]","[""electric kettle parts"", ""refrigerator"", ""water heater"", ""air purifier filters"", ""blender""]",blender,07/01/2024,2025-07-31 16:57:57,4,2831.29
Ian,Macfaye,ianmacfaye@protonmail.com,sB8edpFeKAFJfprz,7992967924,09/03/1975,104 hours 45 minutes 30 seconds,premium,true,credit_card,"[""I want to thank you for this beard grooming kit, it has changed my life. I am very happy with this beard grooming kit!"", ""My son bought this and he is very happy with this waterproof spray"", ""The way I was treated, I could not believe my ears. Hope you don't have to go through this activewear set."", ""The way I was treated, I could not believe my ears. Hope you don't have to go through this pet crate.""]",144.244.42.193,"LAT: -80, LONG: -173",unknown,firefox,MacOS,09/16/2023 15:46:27,04/14/2024 15:18:02,"[""office chair cushions"", ""mattress protector"", ""outdoor furniture set"", ""wardrobe organizers"", ""bed""]","[""bed"", ""bookshelf organizers"", ""recliner accessories""]",wardrobe,07/01/2024,2025-07-31 16:57:57,1,8602.74
Nia,Vanxialey,niavanxialey@yahoo.com,H6VdZWEkdlW5bQ1q,9289729477,05/25/1998,85 hours 23 minutes 50 seconds,regular,true,credit_card,"[""I am cannot believe my eyes when I saw this pet grooming wipes. I am very happy with this pet grooming wipes""]",176.176.13.178,"LAT: 35, LONG: -170",windows,safari,windows,12/31/2024 08:30:09,04/22/2024 09:27:43,"[""arts and crafts storage"", ""lego set"", ""puzzle storage""]","[""stuffed animal storage"", ""toy storage bins"", ""educational toys"", ""puzzles"", ""action figure storage""]",science kits,07/01/2024,2025-07-31 16:57:57,0,0
Ria,Wendy,riawendy@outlook.com,jLE9Psox6exh8FMd,4147920407,06/15/1954,110 hours 19 minutes 30 seconds,regular,true,stripe,"[""Wow I cannot believe this pet grooming gloves"", ""I could not believe how rude the Customer service agent was. I am very dissatisfied with this wardrobe organizers."", ""I am very dissatisfied with the way that this blender accessories has changed my life.""]",77.41.17.71,"LAT: -57, LONG: -86",ios,chrome,ios,07/28/2024 08:10:37,01/14/2023 23:55:59,"[""leather jacket"", ""parka""]","[""dress"", ""suit""]",underwear,07/01/2024,2025-07-31 16:57:57,0,0
Paul,Kailey,paulkailey@gmail.com,V9iNtgsxDBSfMU1E,1544281458,07/10/1980,14 hours 26 minutes 34 seconds,premium,true,paypal,"[""I want to thank you for this sofa, it has changed my life. I am very happy with this sofa!"", ""I am very dissatisfied with this science fiction novel."", ""I am very happy with the way that this gym bag has changed my life."", ""I am very happy with this shoe polish""]",244.93.217.140,"LAT: -2, LONG: -179",windows,safari,windows,10/30/2024 08:18:28,07/24/2024 13:43:26,"[""suit""]","[""jumpsuit""]",suit,07/01/2024,2025-07-31 16:57:57,1,453.27
Eve,Saintkate,evesaintkate@gmail.com,2OCgs7rGiQoHREog,8941799080,12/08/1999,75 hours 18 minutes 22 seconds,premium,true,paypal,"[""I am very frustrated with the Customer Service, they kept dropping my calls ankle weights."", ""I want to thank you for this hoodie, it has changed my life. I am very happy with this hoodie!""]",120.71.145.9,"LAT: 69, LONG: -71",windows,chrome,windows,11/12/2022 15:19:03,01/07/2024 19:50:28,"[""dress shirt"", ""trench coat""]","[""suit"", ""t-shirt"", ""socks"", ""hoodie"", ""underwear""]",suit,07/01/2024,2025-07-31 16:57:57,4,8822.02
Xander,Vanmilaley,xandervanmilaley@yahoo.com,bCYlB4xC8HN6PB49,2908564109,09/23/2004,62 hours 2 minutes 14 seconds,free-trial,true,paypal,"[""Well worth the money on this pet training clicker"", ""I am very happy with the way that this arch support has changed the very way that I live.""]",51.58.250.40,"LAT: -25, LONG: 124",ios,firefox,ios,06/24/2022 08:06:01,07/16/2024 19:12:35,"[""reading light""]","[""history book"", ""self-help book"", ""book covers""]",book covers,07/01/2024,2025-07-31 16:57:57,3,255.55
Hoa,Pia,hoapia@outlook.com,OXHOKWGObKupQBjq,2845435635,02/05/1991,65 hours 34 minutes 54 seconds,premium,false,credit_card,"[""Wow this is an amazing pet training clicker.""]",140.131.222.231,"LAT: 84, LONG: 32",android,chrome,android,01/12/2022 04:58:50,10/13/2022 23:50:35,"[""curling iron"", ""body lotion"", ""hand cream""]","[""comb"", ""bobby pins"", ""lip balm"", ""eyebrow pencil""]",makeup sponge,07/01/2024,2025-07-31 16:57:57,2,7010.530000000001
Cai,Macvicson,caimacvicson@gmail.com,hJG4HsBaZhmgpQXj,3023355620,10/19/1995,77 hours 15 minutes 5 seconds,regular,false,stripe,"[""The way I was treated, I could not believe my ears. Hope you don't have to go through this pet feeding mat."", ""I am not satisfied with this grater."", ""I am very happy the way that this slippers"", ""I am very frustrated with the Customer Service, they kept dropping my calls loafers.""]",229.240.171.209,"LAT: 22, LONG: -85",windows,safari,windows,04/11/2022 15:21:36,09/10/2023 00:47:39,"[""young adult novel"", ""textbook"", ""book covers"", ""book storage box""]","[""mystery novel"", ""reading light"", ""book storage box"", ""biography"", ""thriller novel""]",book storage box,07/01/2024,2025-07-31 16:57:57,0,0
Jade,Lahal,jadelahal@yahoo.com,2zmdkNaKSL86Y7X8,0864184707,04/15/1971,39 hours 48 minutes 53 seconds,regular,false,credit_card,"[""I am very happy with the way that this kitchen gadgets set has changed my life."", ""The way the pet carrier has changed my life, I could not believe my eyes when I saw this pet carrier!"", ""I am very frustrated with the Customer Service, they kept dropping my calls kettlebell set.""]",217.197.40.111,"LAT: -87, LONG: -139",unknown,safari,MacOS,06/30/2022 12:16:42,09/04/2024 10:49:43,"[""board game storage""]","[""trampoline""]",dollhouse,07/01/2024,2025-07-31 16:57:57,0,0
Dylan,Lesia,dylanlesia@hotmail.com,Wvk6HoliA0R0Zi9H,6370118147,07/14/2003,27 hours 46 minutes 41 seconds,free-trial,true,paypal,"[""I am very happy the way that this electric kettle"", ""I am very happy with this wireless mouse"", ""I am very happy with this recliner"", ""I am very happy with the way that this smartphone"", ""I am very happy with the way that this food processor has changed the very way that I live.""]",54.56.100.220,"LAT: 83, LONG: 71",ios,safari,ios,09/07/2023 12:59:50,06/28/2022 17:06:36,"[""sneakers"", ""shoe bags""]","[""shoe organizer""]",boot shaper,07/01/2024,2025-07-31 16:57:57,9,34199.72
Max,Macquinn,maxmacquinn@outlook.com,qGpTBqe00grZgeKV,9898666302,05/11/1984,49 hours 28 minutes 56 seconds,premium,false,stripe,"[""I am very satisfied with this socks""]",217.131.212.18,"LAT: 85, LONG: 21",windows,chrome,windows,09/11/2023 08:54:04,08/07/2023 07:13:11,"[""bookshelf organizers"", ""thriller novel"", ""book covers"", ""photography book""]","[""photography book"", ""self-help book"", ""book storage box""]",graphic novel,07/01/2024,2025-07-31 16:57:57,4,9097.189999999999
Ada,Sia,adasia@outlook.com,gHtYj1RPityzaorG,0861952541,08/07/1986,65 hours 6 minutes 13 seconds,regular,true,stripe,"[""I am very happy with young adult novel, it has changed my life."", ""Wow I cannot believe this bookshelf organizers""]",230.203.11.1,"LAT: -62, LONG: -93",unknown,firefox,unknown,10/09/2022 02:27:38,03/24/2022 13:08:55,"[""storage ottoman""]","[""desk organizers""]",sectional sofa,07/01/2024,2025-07-31 16:57:57,2,1916.7199999999998
Fay,Pax,faypax@gmail.com,Mn0uqrXUQrxJO10P,1560141323,09/20/1958,87 hours 16 minutes 41 seconds,regular,true,credit_card,"[""Wow I cannot believe this perfume""]",54.196.171.173,"LAT: 47, LONG: -104",unknown,chrome,MacOS,11/30/2023 05:58:36,05/17/2023 09:09:57,"[""electric kettle"", ""slow cooker"", ""air purifier filters"", ""coffee maker""]","[""food processor parts"", ""electric kettle"", ""rice cooker parts""]",stove,07/01/2024,2025-07-31 16:57:57,4,9701.14
Wan,Alvinceton,wanalvinceton@hotmail.com,zSthI2BYJZ329fx4,3386141760,11/08/1954,56 hours 51 minutes 2 seconds,regular,true,stripe,"[""The way I was treated, I could not believe my ears. Hope you don't have to go through this wrist wraps.""]",193.40.40.153,"LAT: -29, LONG: 72",unknown,firefox,unknown,02/01/2024 19:14:51,02/20/2023 18:07:08,"[""dollhouse accessories""]","[""musical instruments for kids"", ""toy boxes"", ""puzzle storage""]",educational toy storage,07/01/2024,2025-07-31 16:57:57,0,0
