transaction_id,user_email,product_name,product_category,quantity,unit_price,discount_percent,discount_amount,shipping_cost,total_price,purchase_date,purchase_time,payment_method,purchase_status,month,year
AS9DD1PXS2DB,zedmcmilaley@yahoo.com,gym bag,sports_equipment,1,2094.13,20,418.83,0,1675.3,07/29/2024,05:00:26,credit_card,completed,7,2024
WG8GEXUF27IT,ivybob@gmail.com,shoe laces,footwear,1,239.28,0,0.0,0,239.28,07/15/2024,16:26:04,credit_card,completed,7,2024
QPNTMXK7EJGX,oralaqua@yahoo.com,food processor,home_appliances,1,1372.48,0,0.0,0,1372.48,07/01/2024,21:57:18,stripe,completed,7,2024
3BE3OK5AMTJX,rayoraley@protonmail.com,beauty blender,beauty_products,1,119.8,0,0.0,0,119.8,07/05/2024,05:45:52,stripe,completed,7,2024
NYSYTXXMXC4T,rayoraley@protonmail.com,wedge sandals,footwear,1,781.32,15,117.2,0,664.13,07/04/2024,06:58:14,stripe,completed,7,2024
1MC3PGF4L300,dorapam@gmail.com,basketball hoop,sports_equipment,1,4085.88,0,0.0,0,4085.88,07/01/2024,22:46:03,stripe,completed,7,2024
UC32OY2TGWYP,oralaraton@hotmail.com,gaming chair cushions,furniture,2,1862.27,0,0.0,0,3724.54,07/13/2024,18:23:30,paypal,completed,7,2024
FLJOJASVEIJK,oralaraton@hotmail.com,fitness tracker accessories,sports_equipment,1,1480.33,0,0.0,0,1480.33,07/24/2024,19:15:57,credit_card,completed,7,2024
G5TMAITVS41C,oralaraton@hotmail.com,smartwatch,electronics,1,3861.74,0,0.0,0,3861.74,07/18/2024,15:34:33,credit_card,completed,7,2024
N732JQBROLVE,oralaraton@hotmail.com,electric kettle parts,home_appliances,2,1128.05,20,451.22,0,1804.89,07/04/2024,17:31:29,credit_card,completed,7,2024
0UCGAJ36FTTI,sagedehank@yahoo.com,baking sheets,kitchenware,1,313.69,0,0.0,0,313.69,07/31/2024,08:00:24,credit_card,completed,7,2024
RYE1GZANA27Y,sagedehank@yahoo.com,hiking boots,footwear,1,1261.13,0,0.0,0,1261.13,07/05/2024,23:11:37,stripe,completed,7,2024
5JT9C2WS95YC,sagedehank@yahoo.com,dehumidifier filters,home_appliances,1,2611.74,0,0.0,0,2611.74,07/22/2024,17:24:36,credit_card,completed,7,2024
8K0UXWYC5VM5,sagedehank@yahoo.com,exercise mat,sports_equipment,5,1627.22,0,0.0,0,8136.09,07/02/2024,07:34:50,stripe,completed,7,2024
OZ1Z6VJXJT3C,leowaltson@gmail.com,humidifier,home_appliances,1,2148.35,0,0.0,0,2148.35,07/21/2024,08:44:58,paypal,completed,7,2024
PQCFJ4CU9KR9,leowaltson@gmail.com,pet food storage container,pet_supplies,1,73.48,0,0.0,0,73.48,07/12/2024,22:45:48,stripe,completed,7,2024
6IQVQVJYWQAQ,leowaltson@gmail.com,pet carrier accessories,pet_supplies,1,128.1,0,0.0,0,128.1,07/19/2024,14:36:53,credit_card,completed,7,2024
ZAODD1DJT819,leowaltson@gmail.com,vacuum cleaner accessories,home_appliances,1,1472.93,0,0.0,0,1472.93,07/23/2024,01:45:46,credit_card,completed,7,2024
U4KVSHTHIL3K,leowaltson@gmail.com,shower gel,beauty_products,4,148.84,20,119.07,0,476.27,07/24/2024,11:05:12,paypal,completed,7,2024
YPAFNMP4WVIA,leowaltson@gmail.com,trampoline accessories,toys,1,14.54,0,0.0,10.77,25.31,07/25/2024,14:57:20,credit_card,completed,7,2024
F0LXZNI1X5Y0,leowaltson@gmail.com,toy boxes,toys,3,112.88,0,0.0,0,338.64,07/17/2024,04:57:10,credit_card,completed,7,2024
T7XX3EXOLIRW,leowaltson@gmail.com,rowing machine,sports_equipment,4,4293.32,10,1717.33,0,15455.95,07/31/2024,22:38:09,stripe,completed,7,2024
UDAOGPV8LPF6,vivvanpam@gmail.com,e-reader,electronics,1,5989.88,5,299.49,0,5690.39,07/17/2024,21:15:31,paypal,completed,7,2024
RSWRDCSOJVMR,vivvanpam@gmail.com,colander,kitchenware,1,338.6,5,16.93,0,321.67,07/01/2024,01:07:05,credit_card,completed,7,2024
DP9JPWPZ9PYH,vivvanpam@gmail.com,leather jacket,clothing,1,106.92,0,0.0,0,106.92,07/29/2024,19:33:53,stripe,completed,7,2024
SK7PK3XSXDQH,vivvanpam@gmail.com,perfume,beauty_products,1,22.93,0,0.0,8.33,31.26,07/16/2024,18:11:31,credit_card,completed,7,2024
8LNQXI23I5B4,dorania@gmail.com,work boots,footwear,1,252.86,0,0.0,0,252.86,07/07/2024,15:54:56,credit_card,completed,7,2024
AUC3XOM1UWCZ,dorania@gmail.com,apron,kitchenware,1,47.74,0,0.0,6.04,53.78,07/03/2024,18:17:19,stripe,completed,7,2024
FUN27FPCEOVI,dorania@gmail.com,robot building kit,toys,1,161.43,0,0.0,0,161.43,07/26/2024,06:40:57,stripe,completed,7,2024
OUELWU5XHTZJ,sarajay@yahoo.com,patio umbrella,furniture,1,3485.94,25,871.49,0,2614.46,07/11/2024,08:19:42,paypal,completed,7,2024
KMKOMBCRXVIB,yanmcyara@aol.com,book covers,books,1,59.73,0,0.0,0,59.73,07/10/2024,21:39:14,credit_card,completed,7,2024
YZHHEKB0B0UV,yanmcyara@aol.com,phone case,electronics,1,3204.92,10,320.49,0,2884.43,07/24/2024,19:39:58,credit_card,completed,7,2024
TZ59CK3HX86D,yanmcyara@aol.com,recliner,furniture,1,8510.8,5,425.54,0,8085.26,07/05/2024,01:29:37,credit_card,completed,7,2024
5ZQVFOU8MQQT,yanmcyara@aol.com,perfume,beauty_products,1,23.09,25,5.77,7.94,25.26,07/31/2024,21:46:25,credit_card,completed,7,2024
73M3WYODVS8G,yanmcyara@aol.com,toy organizers,toys,1,276.57,0,0.0,0,276.57,07/20/2024,08:39:38,stripe,completed,7,2024
19KBCXLI9EKS,samlaadason@yahoo.com,heel grips,footwear,1,201.06,25,50.26,0,150.79,07/07/2024,11:44:21,paypal,completed,7,2024
SLIVU3TAP4PN,weselwan@yahoo.com,pet odor eliminator,pet_supplies,1,40.48,0,0.0,7.91,48.39,07/19/2024,22:48:30,paypal,completed,7,2024
H5AEK08HYAHJ,weselwan@yahoo.com,dining table accessories,furniture,1,2018.19,0,0.0,0,2018.19,07/20/2024,13:00:49,stripe,completed,7,2024
DQ46DAVN8YT0,weselwan@yahoo.com,can opener,kitchenware,1,276.6,10,27.66,0,248.94,07/24/2024,18:29:37,paypal,completed,7,2024
W519ZQNP81V3,willeljack@outlook.com,pet harness,pet_supplies,1,319.97,0,0.0,0,319.97,07/29/2024,17:32:39,stripe,completed,7,2024
65HJBOHB58GQ,waltfinn@aol.com,swimwear,clothing,1,230.83,10,23.08,0,207.75,07/19/2024,02:46:54,paypal,completed,7,2024
3N9VOH0TNH0I,waltmcyara@yahoo.com,arts and crafts kits,toys,5,339.24,0,0.0,0,1696.18,07/11/2024,00:10:20,stripe,completed,7,2024
GR7YWX8S4L03,emmastevaley@gmail.com,coffee machine,kitchenware,1,146.38,0,0.0,0,146.38,07/25/2024,03:24:45,credit_card,completed,7,2024
DJA985GZYV84,emmastevaley@gmail.com,shaving kit,beauty_products,1,92.53,10,9.25,0,83.28,07/17/2024,22:05:11,stripe,completed,7,2024
OZOEG5FJMYMR,nateeljane@hotmail.com,fantasy novel,books,1,69.42,25,17.35,0,52.06,07/09/2024,14:05:39,stripe,completed,7,2024
1RANTX5L5NHC,nateeljane@hotmail.com,shoe laces,footwear,1,237.46,0,0.0,0,237.46,07/19/2024,14:24:52,credit_card,completed,7,2024
0UT9FALDWGBF,nateeljane@hotmail.com,blender,kitchenware,1,396.58,0,0.0,0,396.58,07/18/2024,19:02:00,stripe,completed,7,2024
PV5312URUZ9I,nateeljane@hotmail.com,history book,books,1,134.99,0,0.0,0,134.99,07/10/2024,10:24:17,stripe,completed,7,2024
J8BKUGKDAL32,nateeljane@hotmail.com,pet toys set,pet_supplies,1,326.97,0,0.0,0,326.97,07/05/2024,02:06:36,stripe,completed,7,2024
DM5ZSBA3QYC8,nateeljane@hotmail.com,shoe bags,footwear,1,446.02,15,66.9,0,379.12,07/20/2024,21:08:36,stripe,completed,7,2024
J2TK7ZHG8GT3,nateeljane@hotmail.com,self-help book,books,1,142.9,15,21.44,0,121.47,07/16/2024,20:14:17,stripe,completed,7,2024
YLXO2DSGV13C,nateeljane@hotmail.com,lip balm,beauty_products,3,74.86,0,0.0,0,224.58,07/16/2024,20:45:10,credit_card,completed,7,2024
4JZJDLNKSKNO,nateeljane@hotmail.com,bath bombs,beauty_products,1,157.78,0,0.0,0,157.78,07/23/2024,02:23:15,paypal,completed,7,2024
446QNAH4UPJA,nateeljane@hotmail.com,dress shirt,clothing,1,579.21,0,0.0,0,579.21,07/15/2024,02:42:02,credit_card,completed,7,2024
XJ0R2IJCJQ7V,davidladavidley@icloud.com,cookbook,books,1,137.41,0,0.0,0,137.41,07/23/2024,02:47:18,stripe,completed,7,2024
9L0CHXSIRO9B,yasmcpamley@gmail.com,musical instrument storage,toys,1,273.11,0,0.0,0,273.11,07/12/2024,01:45:03,credit_card,completed,7,2024
S68B4EDFI67J,yasmcpamley@gmail.com,espresso machine,kitchenware,1,576.31,25,144.08,0,432.23,07/12/2024,07:46:46,stripe,completed,7,2024
24KZOZRFSLS3,yasmcpamley@gmail.com,storage ottoman,furniture,1,8334.03,0,0.0,0,8334.03,07/06/2024,21:28:29,paypal,completed,7,2024
XNTP5QCPZ4FH,bobdetaj@yahoo.com,exercise ball,sports_equipment,1,2153.27,0,0.0,0,2153.27,07/04/2024,08:25:46,paypal,completed,7,2024
5NYKS4LJKCQU,gracevonmark@gmail.com,sports cap,sports_equipment,1,1608.74,0,0.0,0,1608.74,07/25/2024,12:09:44,credit_card,completed,7,2024
1VY09MZUYCC7,owentim@yahoo.com,art book,books,1,93.87,10,9.39,0,84.48,07/20/2024,06:31:54,paypal,completed,7,2024
IDGOLFHPOOCB,bellasaintviason@hotmail.com,coffee maker,home_appliances,4,3483.59,0,0.0,0,13934.36,07/29/2024,14:00:08,stripe,completed,7,2024
YVOLPMTKWBSW,bellasaintviason@hotmail.com,curling iron,beauty_products,1,28.22,0,0.0,8.16,36.38,07/20/2024,21:41:30,paypal,completed,7,2024
RIVPLKK9RUJA,bellasaintviason@hotmail.com,bookshelf,furniture,1,9002.63,0,0.0,0,9002.63,07/20/2024,16:33:51,credit_card,completed,7,2024
XY55F8ZEWS8F,bellasaintviason@hotmail.com,dehumidifier,home_appliances,1,3564.89,0,0.0,0,3564.89,07/03/2024,19:04:37,paypal,completed,7,2024
09HJZ73FQCEJ,bellasaintviason@hotmail.com,stove,home_appliances,1,1558.04,0,0.0,0,1558.04,07/19/2024,16:03:14,paypal,completed,7,2024
LGERTH2A5SQ3,bellasaintviason@hotmail.com,bicycle,sports_equipment,1,587.83,0,0.0,0,587.83,07/23/2024,12:11:11,stripe,completed,7,2024
4FG1UXQ1T265,bellasaintviason@hotmail.com,science fiction novel,books,1,97.51,10,9.75,0,87.76,07/14/2024,01:06:49,paypal,completed,7,2024
RZSGUEAXXI5J,bellasaintviason@hotmail.com,trampoline accessories,toys,1,14.61,10,1.46,5.28,18.42,07/27/2024,22:36:08,credit_card,completed,7,2024
WFB03PHH7YCZ,bellasaintviason@hotmail.com,air conditioner,home_appliances,1,4063.38,15,609.51,0,3453.87,07/25/2024,03:09:48,credit_card,completed,7,2024
ROYFHO34LILV,bellasaintviason@hotmail.com,food processor parts,home_appliances,1,1351.22,0,0.0,0,1351.22,07/02/2024,01:41:35,stripe,completed,7,2024
4BFX86EMS9ZY,zoevancai@gmail.com,romance novel,books,2,95.29,0,0.0,0,190.59,07/04/2024,11:23:02,paypal,completed,7,2024
PH392UA5G9CY,zoevancai@gmail.com,baking sheets,kitchenware,1,316.31,0,0.0,0,316.31,07/11/2024,06:54:09,paypal,completed,7,2024
EZN9765PHUKQ,zoevancai@gmail.com,pet collar,pet_supplies,1,67.76,15,10.16,0,57.6,07/06/2024,20:56:54,paypal,completed,7,2024
2ZZJ3XGHCMK0,zoevancai@gmail.com,shoe care kit,footwear,1,102.04,0,0.0,0,102.04,07/10/2024,15:37:00,credit_card,completed,7,2024
V8Q66TWJKC3P,yasdihoa@gmail.com,pet water fountain,pet_supplies,1,118.47,0,0.0,0,118.47,07/21/2024,14:35:04,paypal,completed,7,2024
NWLMJ43QSIUV,yasdihoa@gmail.com,work boots,footwear,1,252.8,0,0.0,0,252.8,07/08/2024,13:31:04,credit_card,completed,7,2024
3F9XP5ZIFWT7,yasdihoa@gmail.com,soccer goal,sports_equipment,3,825.44,10,247.63,0,2228.67,07/24/2024,21:32:29,credit_card,completed,7,2024
EY4T1M7K81N7,tajmaccara@icloud.com,video game console,toys,1,31.74,5,1.59,9.82,39.97,07/16/2024,14:34:02,credit_card,completed,7,2024
G14B0U12QVT2,chrisvanbobley@outlook.com,sports headband,sports_equipment,1,1077.27,0,0.0,0,1077.27,07/26/2024,19:00:12,paypal,completed,7,2024
NJOKOT2LCHA9,chrisvanbobley@outlook.com,trench coat,clothing,3,219.77,0,0.0,0,659.32,07/08/2024,06:20:30,stripe,completed,7,2024
6CK0PMY42YL7,quaelgabeley@gmail.com,sports towel,sports_equipment,1,1417.38,5,70.87,0,1346.51,07/11/2024,00:59:37,stripe,completed,7,2024
IZHTDNLGLWHG,quaelgabeley@gmail.com,bookshelf organizers,books,1,40.44,5,2.02,7.17,45.58,07/06/2024,07:11:19,stripe,completed,7,2024
TRYBUKNOJLIB,quaelgabeley@gmail.com,stove,home_appliances,1,1551.42,10,155.14,0,1396.28,07/15/2024,06:10:53,paypal,completed,7,2024
VP13SCHU5F64,quaelgabeley@gmail.com,trench coat,clothing,3,220.77,0,0.0,0,662.31,07/06/2024,21:02:21,paypal,completed,7,2024
A0NBIHKNSV2F,gracemctroy@yahoo.com,robot vacuum accessories,electronics,5,1871.18,0,0.0,0,9355.88,07/23/2024,03:15:27,stripe,completed,7,2024
48DYYMUAEJPZ,gracemctroy@yahoo.com,underwear,clothing,1,306.66,15,46.0,0,260.66,07/17/2024,10:33:42,stripe,completed,7,2024
EY7FNRCFA11S,hankvonjen@hotmail.com,sweatshirt,clothing,1,143.66,10,14.37,0,129.3,07/12/2024,03:32:01,stripe,completed,7,2024
E4X9OCP8M5FX,hankvonjen@hotmail.com,kitchen knife set,kitchenware,1,234.68,0,0.0,0,234.68,07/13/2024,07:16:09,credit_card,completed,7,2024
L9OB0Y97KUOO,piadejohn@yahoo.com,robot vacuum cleaner,electronics,5,7170.93,0,0.0,0,35854.67,07/22/2024,12:55:34,paypal,completed,7,2024
MINHOV25PXGT,piadejohn@yahoo.com,refrigerator,home_appliances,1,2885.83,0,0.0,0,2885.83,07/23/2024,18:53:08,stripe,completed,7,2024
6LXZTCRWFRIB,piadejohn@yahoo.com,rice cooker,kitchenware,1,812.25,15,121.84,0,690.41,07/21/2024,06:05:44,credit_card,completed,7,2024
MVCFOKF8ICKF,udostxan@gmail.com,bookshelf organizers,furniture,1,3774.96,0,0.0,0,3774.96,07/16/2024,16:51:24,stripe,completed,7,2024
6ZTFB9EVUFUZ,udostxan@gmail.com,air conditioner,home_appliances,1,4077.94,0,0.0,0,4077.94,07/15/2024,00:29:19,stripe,completed,7,2024
S6QGMGGWKBOO,udostxan@gmail.com,foam roller,sports_equipment,1,1498.99,0,0.0,0,1498.99,07/05/2024,07:50:06,paypal,completed,7,2024
5KD4I27RD7V9,gracemacpam@hotmail.com,humidifier filters,home_appliances,4,830.45,0,0.0,0,3321.79,07/30/2024,03:12:15,stripe,completed,7,2024
K04PH8UCWW9L,gracemacpam@hotmail.com,exercise mat,sports_equipment,1,1596.98,0,0.0,0,1596.98,07/08/2024,16:06:09,stripe,completed,7,2024
4VF01R2M9SOP,gracemacpam@hotmail.com,electric kettle parts,home_appliances,1,1132.49,0,0.0,0,1132.49,07/23/2024,15:04:59,paypal,completed,7,2024
W231CAO63E03,xannia@protonmail.com,shoe polish,footwear,5,338.11,0,0.0,0,1690.54,07/29/2024,07:29:07,credit_card,completed,7,2024
POL4WVKE54K0,siaalcal@gmail.com,book storage box,books,1,24.02,0,0.0,11.42,35.44,07/11/2024,05:55:31,paypal,completed,7,2024
9TB4HXMA2UBM,siaalcal@gmail.com,bookends,books,1,71.0,0,0.0,0,71.0,07/26/2024,08:29:41,credit_card,completed,7,2024
XHSAL43PIW0W,siaalcal@gmail.com,wrist wraps,sports_equipment,1,1657.68,25,414.42,0,1243.26,07/23/2024,18:53:05,paypal,completed,7,2024
SKBMO9MV3HCP,siaalcal@gmail.com,sofa covers,furniture,2,381.81,0,0.0,0,763.63,07/23/2024,05:22:16,stripe,completed,7,2024
IGYW0LB08WU4,siaalcal@gmail.com,pressure cooker,kitchenware,1,435.08,0,0.0,0,435.08,07/09/2024,04:19:28,stripe,completed,7,2024
WB552WVXD0MH,siaalcal@gmail.com,gaming laptop,electronics,1,6996.65,0,0.0,0,6996.65,07/24/2024,05:05:22,paypal,completed,7,2024
PD428PGLFNES,fayelanoah@outlook.com,photography book,books,1,19.21,10,1.92,10.91,28.2,07/01/2024,18:42:38,stripe,completed,7,2024
9M5LE2EBHAXL,katewill@gmail.com,toaster accessories,home_appliances,1,1392.32,0,0.0,0,1392.32,07/31/2024,21:31:27,credit_card,completed,7,2024
YV0OZ1N5Z85F,katewill@gmail.com,mixing bowls,kitchenware,1,124.21,25,31.05,0,93.16,07/20/2024,09:36:42,credit_card,completed,7,2024
BBBXESH1SBO0,katewill@gmail.com,wireless mouse,electronics,1,1660.64,0,0.0,0,1660.64,07/04/2024,06:51:28,stripe,completed,7,2024
MFJ7G2MPSNP6,katewill@gmail.com,stuffed animals,toys,1,319.78,0,0.0,0,319.78,07/03/2024,08:17:10,paypal,completed,7,2024
JXIAMW8VVU7P,katewill@gmail.com,dining table,furniture,1,7183.97,0,0.0,0,7183.97,07/23/2024,09:21:40,paypal,completed,7,2024
73ZGV8D2LCRW,katewill@gmail.com,pressure cooker,kitchenware,5,436.99,0,0.0,0,2184.96,07/06/2024,09:42:28,paypal,completed,7,2024
VLDMWFRRZQ82,wesdijadesen@icloud.com,bed,furniture,1,8055.99,0,0.0,0,8055.99,07/03/2024,03:08:43,stripe,completed,7,2024
HJ4QRD9AJOWZ,wesdijadesen@icloud.com,stove,home_appliances,1,1561.41,20,312.28,0,1249.13,07/07/2024,23:07:11,credit_card,completed,7,2024
6UZS8IDNXK4C,wesdijadesen@icloud.com,reading light,books,1,56.68,0,0.0,0,56.68,07/19/2024,10:41:16,credit_card,completed,7,2024
5RPU5M3UT60U,wesdijadesen@icloud.com,musical instruments for kids,toys,1,70.28,20,14.06,0,56.23,07/31/2024,09:42:06,paypal,completed,7,2024
18DKS8FNM5AC,wesdijadesen@icloud.com,bookshelf organizers,books,5,40.19,0,0.0,0,200.93,07/31/2024,11:10:38,stripe,completed,7,2024
AFGCQSLAPF5O,wesdijadesen@icloud.com,pet grooming kit,pet_supplies,1,187.39,0,0.0,0,187.39,07/09/2024,23:28:12,paypal,completed,7,2024
JXIL2TXQ3W8H,wesdijadesen@icloud.com,pet travel bag,pet_supplies,1,124.49,0,0.0,0,124.49,07/04/2024,14:32:55,stripe,completed,7,2024
GYZ1O581783P,wesdijadesen@icloud.com,musical instruments for kids,toys,1,70.17,0,0.0,0,70.17,07/12/2024,17:07:41,paypal,completed,7,2024
8JAR68D6MGT0,wesdijadesen@icloud.com,loafers,footwear,5,603.33,0,0.0,0,3016.67,07/30/2024,00:49:22,credit_card,completed,7,2024
7VUCPLOF84XU,wesdijadesen@icloud.com,smartphone,electronics,1,345.52,5,17.28,0,328.25,07/18/2024,04:42:26,credit_card,completed,7,2024
2CRTZXJRTC7B,hankrex@yahoo.com,bicycle,sports_equipment,1,598.27,5,29.91,0,568.36,07/27/2024,06:16:43,stripe,completed,7,2024
DQXKWXVZHBR3,hankrex@yahoo.com,young adult novel,books,1,51.27,15,7.69,0,43.58,07/24/2024,09:45:19,paypal,completed,7,2024
595LWZ5F0L3C,hankrex@yahoo.com,balance board,sports_equipment,1,2024.83,0,0.0,0,2024.83,07/15/2024,18:30:39,credit_card,completed,7,2024
RBFQR34C18VV,hankrex@yahoo.com,shoehorn,footwear,1,440.57,25,110.14,0,330.43,07/19/2024,18:00:49,stripe,completed,7,2024
IQ4NNAOH398S,hankrex@yahoo.com,socks,clothing,1,144.85,0,0.0,0,144.85,07/22/2024,14:05:47,paypal,completed,7,2024
GXU893WF74OQ,hankrex@yahoo.com,toy storage bins,toys,1,15.49,0,0.0,7.15,22.64,07/31/2024,20:30:13,credit_card,completed,7,2024
UL99ZMEXJWLS,alexquinn@gmail.com,bobby pins,beauty_products,1,64.88,0,0.0,0,64.88,07/01/2024,22:03:19,credit_card,completed,7,2024
B1SWSUD1L21Q,alexquinn@gmail.com,desk,furniture,3,9343.78,0,0.0,0,28031.33,07/29/2024,07:44:01,paypal,completed,7,2024
4T9JD92FP0OS,alexquinn@gmail.com,slow cooker,home_appliances,1,2095.55,25,523.89,0,1571.66,07/25/2024,17:42:13,stripe,completed,7,2024
UB0UZRWJL9MG,alexquinn@gmail.com,robot vacuum accessories,electronics,3,1899.72,0,0.0,0,5699.15,07/18/2024,06:40:31,stripe,completed,7,2024
4EUY1VJT9Z3N,alexquinn@gmail.com,pet nail clippers,pet_supplies,4,74.59,0,0.0,0,298.36,07/19/2024,12:43:48,credit_card,completed,7,2024
XITRW9Q60KAJ,tiaudo@icloud.com,nail file,beauty_products,1,39.35,0,0.0,14.21,53.56,07/21/2024,10:02:23,credit_card,completed,7,2024
X9XIOV36IAHU,yanmcquasen@yahoo.com,biography,books,2,89.92,10,17.98,0,161.85,07/21/2024,05:59:55,stripe,completed,7,2024
FGM0HMEO3Q7W,yanmcquasen@yahoo.com,sectional sofa covers,furniture,5,3411.61,0,0.0,0,17058.04,07/29/2024,07:57:06,stripe,completed,7,2024
GWTFOR1D21N2,yanmcquasen@yahoo.com,trampoline accessories,toys,1,14.63,5,0.73,12.9,26.8,07/05/2024,01:15:52,stripe,completed,7,2024
KT5KYXOVTIE3,yanmcquasen@yahoo.com,heels,footwear,1,407.08,0,0.0,0,407.08,07/30/2024,06:51:36,stripe,completed,7,2024
ZY938NTY3KNS,kiaxia@gmail.com,shower gel,beauty_products,1,149.07,20,29.81,0,119.25,07/15/2024,22:30:20,stripe,completed,7,2024
04BSH5D64TG4,sagesaintjen@aol.com,treadmill,sports_equipment,1,5368.91,20,1073.78,0,4295.13,07/04/2024,10:26:09,stripe,completed,7,2024
ZADQS7LIVGFK,sagesaintjen@aol.com,balance board,sports_equipment,1,2004.95,0,0.0,0,2004.95,07/01/2024,10:25:00,paypal,completed,7,2024
309ED1GY5GV2,sagesaintjen@aol.com,smart home device,electronics,1,2611.15,15,391.67,0,2219.48,07/27/2024,05:59:42,paypal,completed,7,2024
K9AUMXHEIGKM,sagesaintjen@aol.com,soccer goal,sports_equipment,1,832.28,0,0.0,0,832.28,07/05/2024,19:08:47,credit_card,completed,7,2024
38N4RXVH6JDL,sagesaintjen@aol.com,fantasy novel,books,1,68.44,10,6.84,0,61.6,07/27/2024,04:24:29,credit_card,completed,7,2024
XIMJJIOWP0WX,katesage@hotmail.com,pet scratching post,pet_supplies,1,201.4,0,0.0,0,201.4,07/25/2024,08:51:33,stripe,completed,7,2024
LQUA6TVM1X80,katesage@hotmail.com,shoehorn,footwear,1,441.61,0,0.0,0,441.61,07/25/2024,20:41:55,stripe,completed,7,2024
WLXWBJB9M6PK,katesage@hotmail.com,hoodie,clothing,1,496.76,15,74.51,0,422.25,07/11/2024,01:42:55,paypal,completed,7,2024
MWGTTM0GYGJ0,katesage@hotmail.com,waterproof spray,footwear,1,322.82,0,0.0,0,322.82,07/24/2024,23:23:03,credit_card,completed,7,2024
ZHQIG5O5U5EW,hankzoeley@yahoo.com,video game console accessories,toys,1,138.84,5,6.94,0,131.9,07/09/2024,10:52:43,paypal,completed,7,2024
ORZJ5GEXI0VE,doradiray@protonmail.com,underwear,clothing,1,301.08,5,15.05,0,286.03,07/21/2024,12:07:48,credit_card,completed,7,2024
YBU7ZVT40X64,chrislania@hotmail.com,apron,kitchenware,1,47.44,0,0.0,9.66,57.1,07/31/2024,06:55:16,stripe,completed,7,2024
T27ED2GEKO76,chrislania@hotmail.com,blazer,clothing,4,555.09,10,222.03,0,1998.31,07/20/2024,09:14:43,paypal,completed,7,2024
T1P47HTIFS6B,chrislania@hotmail.com,food processor,kitchenware,3,811.18,0,0.0,0,2433.53,07/13/2024,09:56:56,paypal,completed,7,2024
694QRGL1KC22,chrislania@hotmail.com,shoehorn,footwear,1,438.75,0,0.0,0,438.75,07/31/2024,13:42:44,stripe,completed,7,2024
YCTWIX42SML7,chrislania@hotmail.com,photography book,books,1,19.48,0,0.0,5.85,25.33,07/05/2024,12:05:50,stripe,completed,7,2024
9IYGIVXGZ2GZ,chrislania@hotmail.com,action figures,toys,2,235.64,0,0.0,0,471.28,07/27/2024,01:33:50,paypal,completed,7,2024
CP5QMJ6VCUPC,chrislania@hotmail.com,keyboard,electronics,1,2280.32,0,0.0,0,2280.32,07/10/2024,23:50:36,stripe,completed,7,2024
KENBRSPNHXSK,chrislania@hotmail.com,pet water fountain,pet_supplies,1,117.91,20,23.58,0,94.33,07/13/2024,00:14:14,credit_card,completed,7,2024
GSJ0E57RSWPG,chrislania@hotmail.com,pet toothpaste,pet_supplies,1,146.41,0,0.0,0,146.41,07/14/2024,14:39:50,paypal,completed,7,2024
FZL5GS40URXX,chrislania@hotmail.com,sports towel,sports_equipment,1,1425.43,0,0.0,0,1425.43,07/08/2024,19:26:18,stripe,completed,7,2024
F7Z6DXF29FS2,ziafinn@icloud.com,microwave oven accessories,home_appliances,1,1360.54,15,204.08,0,1156.46,07/27/2024,05:48:25,paypal,completed,7,2024
IONR4BY55RBB,ziafinn@icloud.com,pet bed accessories,pet_supplies,1,145.86,0,0.0,0,145.86,07/18/2024,18:55:37,stripe,completed,7,2024
W2NAHFSMDZJJ,lunaleviv@yahoo.com,lip balm,beauty_products,2,75.14,0,0.0,0,150.28,07/06/2024,20:12:29,paypal,completed,7,2024
ZGNDLGFGHD73,lunaleviv@yahoo.com,makeup remover wipes,beauty_products,2,51.15,0,0.0,0,102.3,07/15/2024,03:27:08,credit_card,completed,7,2024
MAFC4NECKKZY,lunaleviv@yahoo.com,outdoor furniture set,furniture,2,8056.14,0,0.0,0,16112.28,07/13/2024,18:40:37,paypal,completed,7,2024
PDEGF5T0N96Q,lunaleviv@yahoo.com,jeans,clothing,1,432.94,0,0.0,0,432.94,07/01/2024,08:34:27,stripe,completed,7,2024
1Q1OW9XIHIDF,veraosage@hotmail.com,oven mitts,kitchenware,3,378.14,25,283.6,0,850.8,07/18/2024,02:48:59,stripe,completed,7,2024
W3A9TAAGBEYC,oonaray@yahoo.com,apron,kitchenware,2,47.31,5,4.73,0,89.9,07/12/2024,13:42:41,stripe,completed,7,2024
CJO34VRFABKZ,moecai@yahoo.com,camera tripod,electronics,1,684.66,25,171.16,0,513.49,07/27/2024,18:40:58,credit_card,completed,7,2024
M2DFCDLEK3R8,moecai@yahoo.com,musical instrument storage,toys,1,274.11,0,0.0,0,274.11,07/30/2024,03:02:53,stripe,completed,7,2024
VJ91TJED74Q0,ivysaintkyleson@yahoo.com,jump rope,sports_equipment,1,1730.0,0,0.0,0,1730.0,07/15/2024,00:15:19,stripe,completed,7,2024
VZLAYQQP1Y1O,janelara@outlook.com,smartphone,electronics,1,344.05,0,0.0,0,344.05,07/18/2024,09:11:34,paypal,completed,7,2024
59UG2KRPASXA,janelara@outlook.com,wardrobe,furniture,2,3022.91,0,0.0,0,6045.82,07/02/2024,20:45:58,stripe,completed,7,2024
BZ9ANCMZ3U93,udolamax@gmail.com,video game console accessories,toys,1,140.84,0,0.0,0,140.84,07/02/2024,05:59:04,credit_card,completed,7,2024
PRMLPPJEDFJ3,udolamax@gmail.com,pet toys set,pet_supplies,1,327.74,0,0.0,0,327.74,07/28/2024,13:32:16,credit_card,completed,7,2024
H6ESX9LNW5YT,udolamax@gmail.com,pet training treats,pet_supplies,1,95.35,0,0.0,0,95.35,07/18/2024,05:42:34,credit_card,completed,7,2024
ADDJDE5VKYF6,zoehank@gmail.com,sports gloves,sports_equipment,1,1607.4,15,241.11,0,1366.29,07/10/2024,02:24:23,credit_card,completed,7,2024
N5OI85SGP4DH,jadestzack@gmail.com,action figures,toys,1,233.26,0,0.0,0,233.26,07/31/2024,08:13:58,credit_card,completed,7,2024
72SKE4AZB6WZ,yaneva@gmail.com,shoe care kit,footwear,1,100.8,0,0.0,0,100.8,07/27/2024,16:57:42,stripe,completed,7,2024
5D2DHFX70BX8,xanaliceley@outlook.com,reading light,books,1,57.9,10,5.79,0,52.11,07/08/2024,22:10:07,credit_card,completed,7,2024
H4WT7NXONCCY,xanaliceley@outlook.com,oven,home_appliances,1,4785.31,0,0.0,0,4785.31,07/30/2024,17:58:59,credit_card,completed,7,2024
I63HWOCAMVC7,xanaliceley@outlook.com,play kitchen accessories,toys,1,146.31,0,0.0,0,146.31,07/28/2024,01:58:53,stripe,completed,7,2024
6042G8Z0JNRS,xanaliceley@outlook.com,eyelash curler,beauty_products,1,202.29,0,0.0,0,202.29,07/31/2024,22:41:00,credit_card,completed,7,2024
J6NDFD06DKMR,vivdenoah@yahoo.com,suit,clothing,1,190.47,0,0.0,0,190.47,07/09/2024,21:45:56,credit_card,completed,7,2024
3Q7QTKS8YHW8,ikeelfaysen@gmail.com,slipper socks,footwear,1,313.5,15,47.02,0,266.47,07/17/2024,08:07:36,credit_card,completed,7,2024
LKA647OGV0F4,ikeelfaysen@gmail.com,washing machine,home_appliances,1,1342.6,0,0.0,0,1342.6,07/18/2024,20:32:49,stripe,completed,7,2024
LE4OEDCDZGVA,ikeelfaysen@gmail.com,pet travel bag,pet_supplies,4,123.57,0,0.0,0,494.28,07/22/2024,23:39:40,stripe,completed,7,2024
UKWWMS5OKRIC,ikeelfaysen@gmail.com,recliner,furniture,1,8442.17,20,1688.43,0,6753.74,07/14/2024,13:58:03,stripe,completed,7,2024
7TQA4RPBHZGS,ikeelfaysen@gmail.com,cosmetic organizer,beauty_products,1,135.25,0,0.0,0,135.25,07/05/2024,02:38:33,paypal,completed,7,2024
YLVMC6SIO4JU,fayecal@gmail.com,facial cleansing brush,beauty_products,1,130.11,20,26.02,0,104.09,07/18/2024,00:09:44,stripe,completed,7,2024
RN0L8BXDFI2F,faysly@outlook.com,pet carrier,pet_supplies,1,166.5,0,0.0,0,166.5,07/15/2024,16:39:36,paypal,completed,7,2024
P3H50D8XOOPA,faysly@outlook.com,romance novel,books,1,93.61,25,23.4,0,70.21,07/05/2024,20:46:45,stripe,completed,7,2024
1TMF68GLEZOW,faysly@outlook.com,musical instrument storage,toys,1,272.4,0,0.0,0,272.4,07/20/2024,13:08:15,credit_card,completed,7,2024
G0HC2UJAZ2QX,faysly@outlook.com,dining chairs,furniture,1,2782.84,0,0.0,0,2782.84,07/03/2024,21:41:00,credit_card,completed,7,2024
NXPRO1GL9NH4,faysly@outlook.com,underwear,clothing,1,302.36,0,0.0,0,302.36,07/02/2024,04:51:22,credit_card,completed,7,2024
A5H8ALE65J2S,islaopam@gmail.com,pet grooming gloves,pet_supplies,1,319.54,0,0.0,0,319.54,07/16/2024,23:37:54,credit_card,completed,7,2024
R3DBJUSUDHWX,islaopam@gmail.com,shoe polish,footwear,2,334.42,0,0.0,0,668.84,07/08/2024,01:25:52,credit_card,completed,7,2024
1XIYGVM8AQ98,kaivonsia@hotmail.com,patio umbrella,furniture,3,3455.89,0,0.0,0,10367.66,07/22/2024,14:03:48,stripe,completed,7,2024
FJL21EI98YTK,kaivonsia@hotmail.com,insoles,footwear,1,429.18,0,0.0,0,429.18,07/18/2024,22:49:09,credit_card,completed,7,2024
WY5FSA1CB0M2,kaivonsia@hotmail.com,pet leash,pet_supplies,1,19.5,0,0.0,5.25,24.75,07/10/2024,05:51:59,stripe,completed,7,2024
0WQX64MQ3ZCG,kaivonsia@hotmail.com,shoe bags,footwear,1,448.92,0,0.0,0,448.92,07/06/2024,12:12:36,credit_card,completed,7,2024
X38I699O2C8E,kaivonsia@hotmail.com,photography book,books,4,19.36,0,0.0,0,77.42,07/18/2024,15:37:13,credit_card,completed,7,2024
FWZB1OE7MRHP,kaivonsia@hotmail.com,food processor,kitchenware,1,820.24,20,164.05,0,656.19,07/03/2024,12:44:37,paypal,completed,7,2024
SN2PVN4CG4UA,ziajane@yahoo.com,winter coat,clothing,1,456.62,0,0.0,0,456.62,07/06/2024,00:06:38,credit_card,completed,7,2024
B8BO69T36DLQ,ziajane@yahoo.com,rice cooker,kitchenware,1,815.01,0,0.0,0,815.01,07/04/2024,18:00:44,paypal,completed,7,2024
MDQLYNKAPBW7,graceelnia@gmail.com,webcam,electronics,1,2136.3,0,0.0,0,2136.3,07/11/2024,23:37:09,paypal,completed,7,2024
BYP91HBCHDIT,graceelnia@gmail.com,spatula,kitchenware,1,21.29,0,0.0,0,21.29,07/06/2024,11:56:55,credit_card,completed,7,2024
321840BJI5Z5,graceelnia@gmail.com,microwave oven accessories,home_appliances,1,1366.18,0,0.0,0,1366.18,07/24/2024,17:19:46,stripe,completed,7,2024
8P5S7ZL5DI65,graceelnia@gmail.com,smartwatch band,electronics,1,428.58,0,0.0,0,428.58,07/18/2024,08:18:50,paypal,completed,7,2024
S9IM5M38W8WR,graceelnia@gmail.com,sweatshirt,clothing,1,145.24,0,0.0,0,145.24,07/24/2024,11:39:04,paypal,completed,7,2024
09E4UCCSFJVU,zedlazedley@gmail.com,microwave oven,home_appliances,1,3545.37,0,0.0,0,3545.37,07/30/2024,01:25:01,credit_card,completed,7,2024
R2J2LXAU58UG,kiasam@aol.com,pet water fountain,pet_supplies,1,117.7,0,0.0,0,117.7,07/13/2024,06:45:26,stripe,completed,7,2024
IEDYHTRHUGOQ,kiasam@aol.com,educational toys,toys,1,80.2,25,20.05,0,60.15,07/23/2024,01:51:08,stripe,completed,7,2024
J3QI20CHV5AW,kiasam@aol.com,pet first aid kit,pet_supplies,1,322.39,0,0.0,0,322.39,07/19/2024,23:24:47,credit_card,completed,7,2024
2A6QSK9O5ICZ,kiasam@aol.com,book covers,books,1,59.08,10,5.91,0,53.17,07/08/2024,15:19:14,stripe,completed,7,2024
WR7M1J69MLTX,fayedevivley@icloud.com,whisk,kitchenware,2,161.69,0,0.0,0,323.39,07/28/2024,22:44:07,credit_card,completed,7,2024
XT6JM0AZK3SL,fayedevivley@icloud.com,robot building kit,toys,1,164.51,0,0.0,0,164.51,07/02/2024,08:51:47,stripe,completed,7,2024
0SW1330COG4D,fayedevivley@icloud.com,gym bag,sports_equipment,1,2068.17,0,0.0,0,2068.17,07/05/2024,22:31:12,credit_card,completed,7,2024
SNHHSAT7LH0F,fayedevivley@icloud.com,toy organizers,toys,1,275.22,0,0.0,0,275.22,07/27/2024,16:04:55,paypal,completed,7,2024
5Y363BALQN1R,ianmacfaye@protonmail.com,humidifier,home_appliances,4,2150.69,0,0.0,0,8602.74,07/07/2024,22:20:53,credit_card,completed,7,2024
OQ6Z2RRVWF0V,paulkailey@gmail.com,winter coat,clothing,1,453.27,0,0.0,0,453.27,07/20/2024,15:16:49,paypal,completed,7,2024
E0ZHF567ZWGK,evesaintkate@gmail.com,sports sunglasses,sports_equipment,1,663.74,10,66.37,0,597.36,07/20/2024,21:32:48,paypal,completed,7,2024
YGRBLKC63FQN,evesaintkate@gmail.com,running shoes,footwear,1,180.1,0,0.0,0,180.1,07/06/2024,18:23:14,stripe,completed,7,2024
4DGNO6BQCDSE,evesaintkate@gmail.com,bluetooth speaker,electronics,1,7690.24,0,0.0,0,7690.24,07/15/2024,17:34:43,stripe,completed,7,2024
XOEA1E273U50,evesaintkate@gmail.com,trampoline,toys,1,354.32,0,0.0,0,354.32,07/06/2024,01:15:20,stripe,completed,7,2024
03GUKSMIVR25,xandervanmilaley@yahoo.com,skirt,clothing,1,64.64,15,9.7,0,54.94,07/16/2024,07:31:11,paypal,completed,7,2024
BR4FS4I5D1H4,xandervanmilaley@yahoo.com,pet bed,pet_supplies,1,183.67,20,36.73,0,146.94,07/22/2024,12:07:22,stripe,completed,7,2024
8LDB36ME447B,xandervanmilaley@yahoo.com,children's book,books,1,42.83,0,0.0,10.84,53.67,07/05/2024,18:26:23,paypal,completed,7,2024
VK4Z17VLZHJG,hoapia@outlook.com,laptop stand,electronics,1,3280.82,0,0.0,0,3280.82,07/01/2024,18:36:51,stripe,completed,7,2024
NLMSAPKMBHA6,hoapia@outlook.com,kettlebell set,sports_equipment,1,3729.71,0,0.0,0,3729.71,07/19/2024,06:58:08,stripe,completed,7,2024
8LBCWUDYJO19,dylanlesia@hotmail.com,bluetooth speaker,electronics,3,7642.63,0,0.0,0,22927.89,07/14/2024,11:38:49,paypal,completed,7,2024
2PPIOEDT6AXD,dylanlesia@hotmail.com,trampoline accessories,toys,1,14.39,0,0.0,6.59,20.98,07/15/2024,18:56:13,stripe,completed,7,2024
2OQ5B7TJSR94,dylanlesia@hotmail.com,self-help book,books,1,141.78,15,21.27,0,120.51,07/12/2024,14:59:08,paypal,completed,7,2024
E9E8URJHJGM6,dylanlesia@hotmail.com,action camera,electronics,1,6455.45,0,0.0,0,6455.45,07/02/2024,08:13:06,stripe,completed,7,2024
ZB0GZJJMBPRC,dylanlesia@hotmail.com,slow cooker,kitchenware,3,726.23,0,0.0,0,2178.7,07/11/2024,11:59:29,credit_card,completed,7,2024
EM02LX6P04D0,dylanlesia@hotmail.com,pet carrier,pet_supplies,1,168.75,0,0.0,0,168.75,07/23/2024,02:47:31,stripe,completed,7,2024
7VRTULO47ZEE,dylanlesia@hotmail.com,VR headset,electronics,1,2775.83,20,555.17,0,2220.66,07/19/2024,23:16:50,stripe,completed,7,2024
YJZNXRXJS79W,dylanlesia@hotmail.com,musical instruments for kids,toys,1,70.94,5,3.55,0,67.39,07/23/2024,16:47:47,credit_card,completed,7,2024
K9T03W5OTTJM,dylanlesia@hotmail.com,board game storage,toys,1,40.67,20,8.13,6.86,39.39,07/19/2024,16:41:22,paypal,completed,7,2024
O0VE1W80KNKY,maxmacquinn@outlook.com,remote control car,toys,1,249.36,0,0.0,0,249.36,07/28/2024,15:28:34,paypal,completed,7,2024
XANYDMFIZP5S,maxmacquinn@outlook.com,gaming chair,furniture,1,8849.27,20,1769.85,0,7079.41,07/14/2024,22:37:30,stripe,completed,7,2024
NAUL31BGGYR4,maxmacquinn@outlook.com,yoga blocks,sports_equipment,1,1960.72,20,392.14,0,1568.58,07/26/2024,18:10:17,stripe,completed,7,2024
7W84L5BGITMQ,maxmacquinn@outlook.com,kitchen knife set,kitchenware,1,235.1,15,35.27,0,199.84,07/07/2024,09:32:48,stripe,completed,7,2024
4PPA5ZA2CS0E,adasia@outlook.com,science kits,toys,1,347.5,5,17.38,0,330.13,07/16/2024,00:37:35,stripe,completed,7,2024
B646XRQ2BU3L,adasia@outlook.com,printer,electronics,1,1586.59,0,0.0,0,1586.59,07/02/2024,17:36:12,paypal,completed,7,2024
9YOMJUX7ALLA,faypax@gmail.com,socks,clothing,1,145.16,0,0.0,0,145.16,07/22/2024,02:59:29,credit_card,completed,7,2024
7HSFGQPB85HZ,faypax@gmail.com,baseball bat,sports_equipment,3,2859.2,0,0.0,0,8577.59,07/30/2024,16:36:03,paypal,completed,7,2024
MWC5QQFJ3AVY,faypax@gmail.com,pet odor eliminator,pet_supplies,1,40.19,0,0.0,7.27,47.46,07/06/2024,06:36:00,stripe,completed,7,2024
GOTUHLQ8X2F2,faypax@gmail.com,dress shirt,clothing,2,581.83,20,232.73,0,930.93,07/18/2024,01:40:10,credit_card,completed,7,2024
