transaction_id,user_email,product_name,product_category,quantity,unit_price,discount_percent,discount_amount,shipping_cost,total_price,purchase_date,purchase_time,payment_method,purchase_status,month,year
M787IWVQ7BB1,ginajay@hotmail.com,skincare set,beauty_products,2,200.92,20,80.37,0,321.47,08/30/2024,14:00:20,credit_card,completed,8,2024
DJOPWJQ1EFD3,quosaintcharlieley@gmail.com,apron,kitchenware,1,47.44,5,2.37,10.4,55.47,08/31/2024,17:56:57,stripe,completed,8,2024
KJNCNTWC07U2,yanvanisla@gmail.com,young adult novel,books,1,51.97,0,0.0,0,51.97,08/30/2024,22:04:48,paypal,completed,8,2024
NBNMLOAPCUXP,peterbella@gmail.com,camera,electronics,1,242.82,0,0.0,0,242.82,08/25/2024,09:35:49,stripe,completed,8,2024
ZIV2MTCFX4HM,peterbella@gmail.com,shoe bags,footwear,3,450.13,0,0.0,0,1350.4,08/09/2024,09:11:26,paypal,completed,8,2024
EZ4PNL59OHMK,adapaul@aol.com,hairbrush,beauty_products,5,10.0,0,0.0,0,50.01,08/16/2024,18:43:00,credit_card,completed,8,2024
V1C4D7ZIL02M,adapaul@aol.com,cutting board,kitchenware,1,237.57,0,0.0,0,237.57,08/26/2024,13:08:35,credit_card,completed,8,2024
SD7SHBF24WIM,adapaul@aol.com,pressure cooker,kitchenware,1,438.5,20,87.7,0,350.8,08/14/2024,04:32:41,paypal,completed,8,2024
SQRHZA0MBBI4,adapaul@aol.com,mattress protector,furniture,1,1277.52,20,255.5,0,1022.01,08/15/2024,04:07:50,stripe,completed,8,2024
W9SFY95RJ8RK,calevaley@protonmail.com,phone case,electronics,1,3270.16,0,0.0,0,3270.16,08/08/2024,08:03:53,stripe,completed,8,2024
ZSWZ0LOSJKYD,ikesaintsia@outlook.com,dining table accessories,furniture,1,2023.96,0,0.0,0,2023.96,08/26/2024,11:03:23,stripe,completed,8,2024
2XOUCWV2TIRS,beaoulaley@protonmail.com,pet carrier,pet_supplies,1,169.4,0,0.0,0,169.4,08/27/2024,17:12:56,credit_card,completed,8,2024
S4F7Q4HR15YP,kaivanyas@outlook.com,mystery novel,books,1,96.29,10,9.63,0,86.66,08/31/2024,11:23:19,paypal,completed,8,2024
SOTIL33YCD21,liamyas@gmail.com,flip flops,footwear,1,185.38,0,0.0,0,185.38,08/06/2024,06:58:34,paypal,completed,8,2024
421EVPB27X7G,alicevic@gmail.com,air purifier,home_appliances,1,3898.54,5,194.93,0,3703.62,08/03/2024,09:30:05,paypal,completed,8,2024
CC2SR8XHP823,alicevic@gmail.com,poetry collection,books,1,94.19,0,0.0,0,94.19,08/02/2024,00:02:23,stripe,completed,8,2024
FNI06DNGNAUT,yandisia@gmail.com,pet travel bag,pet_supplies,1,125.6,15,18.84,0,106.76,08/25/2024,21:02:03,paypal,completed,8,2024
1E1CHKI4J3ZQ,yandisia@gmail.com,kitchen towels,kitchenware,1,264.83,10,26.48,0,238.35,08/16/2024,20:02:07,credit_card,completed,8,2024
2A699QXA4WNT,ikemckateley@gmail.com,slotted spoon,kitchenware,1,330.46,0,0.0,0,330.46,08/29/2024,03:03:18,paypal,completed,8,2024
PYRZS54XUI08,ikemckateley@gmail.com,humidifier filters,home_appliances,1,832.15,15,124.82,0,707.33,08/16/2024,18:18:40,stripe,completed,8,2024
YF535FQH4C87,ikemckateley@gmail.com,hairbrush,beauty_products,1,9.9,0,0.0,5.15,15.05,08/08/2024,12:51:16,paypal,completed,8,2024
PO1HS5UI6UDQ,ikemckateley@gmail.com,facial tissues,beauty_products,1,109.6,0,0.0,0,109.6,08/24/2024,11:23:04,credit_card,completed,8,2024
4IZUE9EIWS2L,evenate@aol.com,kitchen gadgets set,kitchenware,4,636.28,0,0.0,0,2545.12,08/28/2024,20:47:05,paypal,completed,8,2024
1C7F471J3YCM,natepaulton@gmail.com,science kits,toys,4,351.6,25,351.6,0,1054.79,08/01/2024,03:44:09,stripe,completed,8,2024
CZVRVTJEDBBF,deeogia@outlook.com,gaming headset,electronics,3,1022.51,0,0.0,0,3067.52,08/22/2024,22:18:09,paypal,completed,8,2024
0KJU81TP4LN8,deeogia@outlook.com,basketball hoop,sports_equipment,1,4035.18,10,403.52,0,3631.66,08/29/2024,03:14:47,credit_card,completed,8,2024
WDWUYZCUVMRN,gabedizia@gmail.com,t-shirt,clothing,1,600.4,0,0.0,0,600.4,08/31/2024,20:36:45,paypal,completed,8,2024
RHI624XYBCU1,halora@gmail.com,external hard drive,electronics,1,2970.02,0,0.0,0,2970.02,08/03/2024,02:02:43,paypal,completed,8,2024
TJ7QZDM68206,halora@gmail.com,exercise ball,sports_equipment,1,2182.86,0,0.0,0,2182.86,08/28/2024,06:09:24,credit_card,completed,8,2024
I5V52OO57RPC,halora@gmail.com,office chair,furniture,1,8637.29,0,0.0,0,8637.29,08/12/2024,10:26:55,credit_card,completed,8,2024
RO51T1XOGWWT,halora@gmail.com,yoga blocks,sports_equipment,1,1962.95,0,0.0,0,1962.95,08/02/2024,08:36:27,credit_card,completed,8,2024
2BJJZA9GFPCX,halora@gmail.com,slippers,footwear,1,510.63,0,0.0,0,510.63,08/17/2024,01:01:43,stripe,completed,8,2024
8OCYTUQEOGBC,halora@gmail.com,dining table,furniture,1,7279.85,0,0.0,0,7279.85,08/16/2024,10:20:19,credit_card,completed,8,2024
GII1JAIXGOAF,halora@gmail.com,dress shirt,clothing,1,585.91,0,0.0,0,585.91,08/12/2024,00:37:13,credit_card,completed,8,2024
U56LMXDBMNS8,caimacolivia@gmail.com,blazer,clothing,1,553.12,5,27.66,0,525.47,08/10/2024,07:24:13,credit_card,completed,8,2024
I3BTSFX6W7NY,caimacolivia@gmail.com,sofa covers,furniture,1,384.73,0,0.0,0,384.73,08/20/2024,12:12:25,credit_card,completed,8,2024
FX3IXTXY7DAC,caimacolivia@gmail.com,storage ottoman,furniture,1,8489.76,0,0.0,0,8489.76,08/11/2024,10:38:00,stripe,completed,8,2024
PBRED62FWGPL,caimacolivia@gmail.com,hoodie,clothing,1,491.21,0,0.0,0,491.21,08/14/2024,02:30:23,paypal,completed,8,2024
KX9QU92O6HYY,peterdidee@gmail.com,blender,home_appliances,4,4988.82,0,0.0,0,19955.27,08/11/2024,05:37:05,paypal,completed,8,2024
LYUGS8HNRZ7X,peterdidee@gmail.com,jump rope,sports_equipment,1,1737.85,20,347.57,0,1390.28,08/26/2024,14:11:23,paypal,completed,8,2024
L94WOC45DPLG,peterdidee@gmail.com,laptop,electronics,1,1368.51,0,0.0,0,1368.51,08/29/2024,00:54:06,stripe,completed,8,2024
A7FEVR6V24IQ,viakia@outlook.com,pet comb,pet_supplies,4,170.17,20,136.13,0,544.53,08/13/2024,13:45:58,credit_card,completed,8,2024
8ZBFHX3KYCD6,abesaintxan@aol.com,book covers,books,5,58.95,25,73.69,0,221.07,08/14/2024,09:03:39,credit_card,completed,8,2024
33851QMTBAQF,rexalemma@gmail.com,young adult novel,books,4,51.81,10,20.72,0,186.52,08/01/2024,16:31:50,paypal,completed,8,2024
LPRL37L841LQ,troyoalice@gmail.com,rice cooker,home_appliances,2,3933.24,10,786.65,0,7079.83,08/24/2024,00:08:54,paypal,completed,8,2024
QZKD47L9APZP,nedvic@outlook.com,smartphone,electronics,1,346.98,0,0.0,0,346.98,08/13/2024,18:24:40,stripe,completed,8,2024
DIBGZM2ELM1S,nedvic@outlook.com,children's book,books,1,43.13,0,0.0,7.82,50.95,08/09/2024,16:59:18,credit_card,completed,8,2024
1KTN4WQL5M0T,nedvic@outlook.com,trampoline accessories,toys,1,14.6,0,0.0,8.19,22.79,08/28/2024,10:25:26,credit_card,completed,8,2024
GLJRRT5ZJNWH,nedvic@outlook.com,action camera mount,electronics,1,1048.61,0,0.0,0,1048.61,08/25/2024,07:36:43,paypal,completed,8,2024
YFYQBN18EDTY,johnvonxiason@icloud.com,elliptical machine,sports_equipment,1,1628.2,0,0.0,0,1628.2,08/25/2024,02:52:43,stripe,completed,8,2024
JHFB0WDGI51T,johnvonxiason@icloud.com,mixing bowls,kitchenware,4,124.45,0,0.0,0,497.8,08/09/2024,02:59:22,stripe,completed,8,2024
N9ZZNME3SX19,johnvonxiason@icloud.com,camera,electronics,1,242.3,15,36.34,0,205.95,08/16/2024,10:30:25,credit_card,completed,8,2024
RMEJKLVEK5PM,johnvonxiason@icloud.com,blender,home_appliances,1,4978.68,0,0.0,0,4978.68,08/19/2024,10:09:40,stripe,completed,8,2024
UUFW6GXZ7E09,jackvia@yahoo.com,exercise resistance bands,sports_equipment,1,877.73,0,0.0,0,877.73,08/26/2024,03:49:45,credit_card,completed,8,2024
YFMIJDFI6EFK,jackvia@yahoo.com,play kitchen,toys,1,221.42,0,0.0,0,221.42,08/19/2024,23:19:56,paypal,completed,8,2024
VRLSNWL1WL74,jackvia@yahoo.com,smartphone,electronics,2,343.91,0,0.0,0,687.82,08/04/2024,21:21:14,stripe,completed,8,2024
1A9Z1KPWKUCW,jadedevivsen@icloud.com,washing machine,home_appliances,1,1347.83,0,0.0,0,1347.83,08/30/2024,05:39:16,paypal,completed,8,2024
WSKLTSIPCGM2,jadedevivsen@icloud.com,coat,clothing,1,170.14,0,0.0,0,170.14,08/17/2024,21:54:14,credit_card,completed,8,2024
WCEAH4Q69MDN,alicesaintvera@outlook.com,desk organizers,furniture,1,1848.72,20,369.74,0,1478.98,08/29/2024,18:31:41,credit_card,completed,8,2024
3936WV2FCPT1,alicesaintvera@outlook.com,trampoline,toys,1,354.68,0,0.0,0,354.68,08/23/2024,07:29:47,stripe,completed,8,2024
BRQSRS9DVTSZ,alicesaintvera@outlook.com,wedge sandals,footwear,4,800.39,0,0.0,0,3201.58,08/22/2024,22:58:47,paypal,completed,8,2024
3P8E8UHJKYKB,alicesaintvera@outlook.com,pet toys set,pet_supplies,3,324.19,0,0.0,0,972.57,08/16/2024,12:14:06,stripe,completed,8,2024
2QNRVD0L9A70,wendyoyan@hotmail.com,drone accessories,electronics,1,3129.43,5,156.47,0,2972.96,08/29/2024,14:31:22,paypal,completed,8,2024
GG3N8Q78M0YD,wendyoyan@hotmail.com,shoe polish,footwear,1,339.59,0,0.0,0,339.59,08/31/2024,13:10:59,stripe,completed,8,2024
FOOB37E0JQGC,wendyoyan@hotmail.com,history book,books,1,136.17,0,0.0,0,136.17,08/25/2024,23:03:53,stripe,completed,8,2024
Z0NQPMTVDDCQ,wendyoyan@hotmail.com,stuffed animals,toys,1,322.77,0,0.0,0,322.77,08/15/2024,14:48:11,credit_card,completed,8,2024
H5YLA3TJDSY4,wendyoyan@hotmail.com,sports cap,sports_equipment,1,1610.7,0,0.0,0,1610.7,08/19/2024,05:45:18,credit_card,completed,8,2024
S0JO1HB0KPGF,wendyoyan@hotmail.com,comic book,books,1,96.7,0,0.0,0,96.7,08/13/2024,07:12:50,credit_card,completed,8,2024
M1EHG7OD2LA7,eveben@protonmail.com,running shoes,footwear,2,183.53,20,73.41,0,293.65,08/20/2024,18:07:28,credit_card,completed,8,2024
NDTBDE1SGOUW,eveben@protonmail.com,water heater parts,home_appliances,1,1039.53,0,0.0,0,1039.53,08/14/2024,08:41:18,credit_card,completed,8,2024
YW2O2YQR5OI6,eveben@protonmail.com,kitchen utensils set,kitchenware,1,318.86,0,0.0,0,318.86,08/21/2024,07:53:24,credit_card,completed,8,2024
7ICX7XQKISY2,ryanwalt@gmail.com,gaming chair cushions,furniture,3,1890.17,0,0.0,0,5670.52,08/23/2024,23:32:09,paypal,completed,8,2024
ZLXPUF7EGJ25,oliviavonvia@gmail.com,bookshelf organizers,books,1,40.46,0,0.0,7.19,47.65,08/13/2024,15:25:49,stripe,completed,8,2024
F5NCJHJNOCNU,oliviavonvia@gmail.com,shoe storage,footwear,1,676.08,0,0.0,0,676.08,08/02/2024,18:37:33,stripe,completed,8,2024
3FGLCG87ZFQH,oliviavonvia@gmail.com,pet food dispenser,pet_supplies,4,198.35,15,119.01,0,674.38,08/13/2024,13:19:03,stripe,completed,8,2024
X8212JHFPMUQ,giadecai@icloud.com,facial cleansing brush,beauty_products,1,132.88,10,13.29,0,119.6,08/07/2024,14:34:03,stripe,completed,8,2024
48ZQMAE40YIP,giadecai@icloud.com,sports towel,sports_equipment,1,1429.52,0,0.0,0,1429.52,08/22/2024,11:25:19,paypal,completed,8,2024
RC02VYJ666NI,giadecai@icloud.com,office chair,furniture,1,8655.69,0,0.0,0,8655.69,08/17/2024,08:50:53,credit_card,completed,8,2024
VQUBS1JCIQHG,finnsaintzia@gmail.com,microwave oven accessories,home_appliances,1,1354.96,0,0.0,0,1354.96,08/03/2024,00:16:23,credit_card,completed,8,2024
DQD2BT07UL04,waltmacjay@icloud.com,bookmarks,books,1,88.28,5,4.41,0,83.87,08/09/2024,15:21:19,credit_card,completed,8,2024
NWUD9G3KISGY,waltmacjay@icloud.com,accessories,clothing,1,261.67,0,0.0,0,261.67,08/25/2024,12:05:04,stripe,completed,8,2024
HI8ZTTQ84A9X,ianmactroysen@gmail.com,pet food dispenser,pet_supplies,1,197.92,0,0.0,0,197.92,08/13/2024,13:31:01,stripe,completed,8,2024
ECRKIRE14SDT,ianmactroysen@gmail.com,winter coat,clothing,1,452.87,25,113.22,0,339.65,08/10/2024,23:39:34,stripe,completed,8,2024
TINATWUVW3YU,jakevanyas@outlook.com,puzzles,toys,1,338.26,0,0.0,0,338.26,08/20/2024,07:43:49,credit_card,completed,8,2024
8055AN3O4GI2,jakevanyas@outlook.com,shoe bags,footwear,1,454.21,0,0.0,0,454.21,08/22/2024,06:03:26,credit_card,completed,8,2024
QT1JEVK2VBA8,johnluna@yahoo.com,romance novel,books,1,95.18,0,0.0,0,95.18,08/04/2024,20:37:29,credit_card,completed,8,2024
UGZ6EZTP4EBN,johnluna@yahoo.com,textbook,books,1,114.44,0,0.0,0,114.44,08/06/2024,07:37:33,paypal,completed,8,2024
BR3U57F77STC,johnluna@yahoo.com,body lotion,beauty_products,5,17.28,25,21.6,0,64.79,08/01/2024,04:04:37,paypal,completed,8,2024
EGIDWQ62LPCS,johnluna@yahoo.com,kitchen utensils set,kitchenware,1,318.33,0,0.0,0,318.33,08/19/2024,18:29:44,paypal,completed,8,2024
UMV0PE5Y4TAV,johnluna@yahoo.com,stuffed animal storage,toys,1,27.08,5,1.35,13.32,39.05,08/12/2024,21:45:37,credit_card,completed,8,2024
PW3BSD7JPO23,johnluna@yahoo.com,makeup brushes,beauty_products,1,39.48,0,0.0,0,39.48,08/23/2024,20:06:52,stripe,completed,8,2024
N6O88KP36UUD,johnluna@yahoo.com,heel grips,footwear,1,202.51,0,0.0,0,202.51,08/11/2024,18:47:42,paypal,completed,8,2024
21EKX8LGTDYU,dylanaleve@outlook.com,kitchen scale,kitchenware,1,294.97,0,0.0,0,294.97,08/14/2024,02:28:44,paypal,completed,8,2024
0VNQEAANIHZB,owenvonkara@outlook.com,pet water bowl,pet_supplies,1,40.56,0,0.0,12.91,53.47,08/23/2024,15:48:44,paypal,completed,8,2024
4ZULMPY9EFPZ,owenvonkara@outlook.com,sectional sofa,furniture,1,11072.59,0,0.0,0,11072.59,08/17/2024,21:48:26,paypal,completed,8,2024
P7AP2WL7PWBY,owenvonkara@outlook.com,pet toys set,pet_supplies,3,330.49,10,99.15,0,892.31,08/21/2024,05:01:59,paypal,completed,8,2024
18M3NERHQCA7,owenvonkara@outlook.com,pressure cooker,kitchenware,1,441.93,0,0.0,0,441.93,08/24/2024,01:37:08,stripe,completed,8,2024
5IL47FA0LQQ9,samnina@outlook.com,casual shoes,footwear,1,98.79,0,0.0,0,98.79,08/25/2024,12:11:08,stripe,completed,8,2024
9716SV1CV2KP,samleevanson@protonmail.com,pet water bowl,pet_supplies,2,40.78,0,0.0,0,81.56,08/22/2024,06:36:23,paypal,completed,8,2024
55PUG1WEQ98J,vivzialey@gmail.com,shoehorn,footwear,5,444.07,5,111.02,0,2109.33,08/18/2024,06:42:37,credit_card,completed,8,2024
Y0543BL6BQAQ,vivzialey@gmail.com,pilates reformer,sports_equipment,1,4485.71,0,0.0,0,4485.71,08/25/2024,11:05:14,credit_card,completed,8,2024
DOJFSXNKB0F5,vivzialey@gmail.com,loafers,footwear,1,615.36,0,0.0,0,615.36,08/19/2024,18:50:03,stripe,completed,8,2024
BTTW9Q2Q2IID,vivzialey@gmail.com,tablet case,electronics,1,2292.87,0,0.0,0,2292.87,08/10/2024,20:22:05,credit_card,completed,8,2024
DKHTH9S8NIYF,vivzialey@gmail.com,monitor,electronics,1,1361.28,0,0.0,0,1361.28,08/14/2024,00:58:40,stripe,completed,8,2024
YE217OFYQ907,zialiam@gmail.com,pet feeding mat,pet_supplies,3,151.81,0,0.0,0,455.44,08/19/2024,05:17:13,paypal,completed,8,2024
E2HPDOY0D0XS,zialiam@gmail.com,slow cooker,kitchenware,1,723.78,5,36.19,0,687.59,08/22/2024,09:30:29,paypal,completed,8,2024
SED8ZH35E0DA,zialiam@gmail.com,heel grips,footwear,1,202.88,0,0.0,0,202.88,08/20/2024,13:55:12,credit_card,completed,8,2024
SU26LIGFVHS3,karaelxan@gmail.com,biography,books,1,91.3,0,0.0,0,91.3,08/19/2024,01:34:03,paypal,completed,8,2024
UMEYFC2BZ4V0,wanlemoeson@outlook.com,shoe storage,footwear,1,681.7,20,136.34,0,545.36,08/21/2024,21:59:51,paypal,completed,8,2024
QK6OX6BL73C9,wendyxander@gmail.com,science kits,toys,1,351.45,0,0.0,0,351.45,08/09/2024,18:51:08,stripe,completed,8,2024
C1NMKGFRMBP9,wendyxander@gmail.com,kitchen towels,kitchenware,1,261.69,20,52.34,0,209.35,08/30/2024,05:43:53,stripe,completed,8,2024
B4Z3DK00ORG5,wendyxander@gmail.com,baseball bat,sports_equipment,4,2869.29,0,0.0,0,11477.18,08/07/2024,09:13:43,stripe,completed,8,2024
B38AFABIQKFG,wendyxander@gmail.com,t-shirt,clothing,1,603.45,25,150.86,0,452.58,08/28/2024,01:39:51,stripe,completed,8,2024
0ZM8Z7LJSCOF,wendyxander@gmail.com,laptop stand,electronics,1,3319.02,20,663.8,0,2655.21,08/13/2024,09:43:47,paypal,completed,8,2024
XSVATX3CC9WZ,wendyxander@gmail.com,pet food dispenser,pet_supplies,1,195.71,0,0.0,0,195.71,08/06/2024,13:44:30,paypal,completed,8,2024
WZ568M5CD99Z,mialayas@gmail.com,yoga blocks,sports_equipment,1,1971.02,0,0.0,0,1971.02,08/12/2024,00:00:23,stripe,completed,8,2024
H3FB44R1IZLQ,mialayas@gmail.com,insoles,footwear,1,434.2,0,0.0,0,434.2,08/18/2024,20:45:54,credit_card,completed,8,2024
Q0BBGEOWLR0P,mialayas@gmail.com,book covers,books,1,59.75,20,11.95,6.72,54.52,08/30/2024,00:35:50,credit_card,completed,8,2024
6QLD3MMPXOB1,wendymacfrank@gmail.com,trench coat,clothing,4,221.59,0,0.0,0,886.37,08/22/2024,02:26:41,paypal,completed,8,2024
ONHP5UM1Q2HA,wendymacfrank@gmail.com,pet travel bag,pet_supplies,1,124.6,0,0.0,0,124.6,08/17/2024,11:29:15,credit_card,completed,8,2024
PUY9RNEHKPPD,ginadimia@icloud.com,wardrobe organizers,furniture,1,2356.26,0,0.0,0,2356.26,08/07/2024,13:11:33,credit_card,completed,8,2024
3C0FDBPP2MAY,ginadimia@icloud.com,measuring cups,kitchenware,2,219.41,0,0.0,0,438.82,08/03/2024,11:27:41,stripe,completed,8,2024
BUBUS6E9QKZW,ginadimia@icloud.com,bobby pins,beauty_products,1,64.94,0,0.0,0,64.94,08/11/2024,21:06:53,stripe,completed,8,2024
84ASW8972KDY,ginadimia@icloud.com,remote control drone,toys,1,190.27,0,0.0,0,190.27,08/24/2024,13:31:46,stripe,completed,8,2024
Z4TS8TN8NG49,ginadimia@icloud.com,refrigerator,home_appliances,5,2892.23,0,0.0,0,14461.15,08/29/2024,10:30:03,stripe,completed,8,2024
N1692EFCVCP6,slynoahley@gmail.com,pet food storage container,pet_supplies,1,73.34,0,0.0,0,73.34,08/07/2024,19:42:54,stripe,completed,8,2024
R6HSO1VUL8SP,slynoahley@gmail.com,jumpsuit,clothing,1,555.49,0,0.0,0,555.49,08/04/2024,15:26:35,credit_card,completed,8,2024
6BJLY5A58PEW,slynoahley@gmail.com,smart thermostat,electronics,3,429.88,0,0.0,0,1289.64,08/08/2024,20:06:09,stripe,completed,8,2024
CB2NGCGRUI5H,slynoahley@gmail.com,video game console,toys,1,31.8,0,0.0,0,31.8,08/30/2024,01:40:39,stripe,completed,8,2024
BAU0COJFLMAP,moevanjane@gmail.com,pet harness,pet_supplies,1,317.21,0,0.0,0,317.21,08/29/2024,11:06:15,credit_card,completed,8,2024
S6MTX1N9P99S,moevanjane@gmail.com,socks,clothing,1,145.6,0,0.0,0,145.6,08/13/2024,05:54:25,stripe,completed,8,2024
UA0HUFTFANZK,moevanjane@gmail.com,ladle,kitchenware,2,320.57,5,32.06,0,609.09,08/26/2024,08:53:34,stripe,completed,8,2024
DW4PCG6HNI6M,ziavonfinn@yahoo.com,photography book,books,1,19.11,0,0.0,0,19.11,08/09/2024,21:42:41,stripe,completed,8,2024
CO363VS17YBP,ziavonfinn@yahoo.com,gym bag,sports_equipment,1,2091.03,0,0.0,0,2091.03,08/08/2024,20:05:45,paypal,completed,8,2024
N9OHXMNCUI6T,neddixanson@gmail.com,nail polish set,beauty_products,1,23.24,0,0.0,8.65,31.89,08/19/2024,18:20:02,stripe,completed,8,2024
5X3VUWUN4YPR,evaowill@yahoo.com,bar stools,furniture,1,1403.12,15,210.47,0,1192.65,08/15/2024,08:05:25,paypal,completed,8,2024
RCJ6UDE4V0FV,evaowill@yahoo.com,smart light bulb,electronics,1,3319.89,20,663.98,0,2655.91,08/24/2024,03:24:47,stripe,completed,8,2024
DZV0D8VTNSQJ,evaowill@yahoo.com,smart home device,electronics,1,2601.83,0,0.0,0,2601.83,08/19/2024,23:53:28,credit_card,completed,8,2024
S88CZOACNT0T,evaowill@yahoo.com,arts and crafts kits,toys,4,343.51,0,0.0,0,1374.05,08/08/2024,12:56:52,stripe,completed,8,2024
O8Z3MT9WM26A,evaowill@yahoo.com,art book,books,5,93.95,0,0.0,0,469.77,08/29/2024,18:56:55,credit_card,completed,8,2024
I5EPHJ0W4SJ9,bobeve@yahoo.com,graphic novel,books,1,68.62,20,13.72,0,54.89,08/02/2024,19:57:14,paypal,completed,8,2024
8WVKG017BVAA,laradiivy@yahoo.com,mixing bowls,kitchenware,2,125.88,0,0.0,0,251.76,08/06/2024,04:55:45,stripe,completed,8,2024
5Y4HPBTAMZA9,xiaelmoe@outlook.com,gaming headset,electronics,1,1024.34,10,102.43,0,921.91,08/14/2024,07:19:25,paypal,completed,8,2024
V5HTJQVPJFCK,xiaelmoe@outlook.com,pet nail clippers,pet_supplies,1,74.92,15,11.24,0,63.68,08/02/2024,12:07:30,stripe,completed,8,2024
KKH8ESUPOOUH,xiaelmoe@outlook.com,home security camera,electronics,1,1026.21,0,0.0,0,1026.21,08/26/2024,17:56:40,stripe,completed,8,2024
TMECL9U71HHT,xiaelmoe@outlook.com,jumpsuit,clothing,1,553.28,0,0.0,0,553.28,08/02/2024,07:15:12,paypal,completed,8,2024
1U9EXQGOYBLM,evansainttimton@gmail.com,kitchen utensils set,kitchenware,1,314.76,0,0.0,0,314.76,08/19/2024,15:13:51,credit_card,completed,8,2024
MPX8058V7PMP,gusulasen@yahoo.com,makeup set,beauty_products,1,194.83,0,0.0,0,194.83,08/30/2024,09:46:55,stripe,completed,8,2024
BZGB2AUS08X8,gusulasen@yahoo.com,hair accessories set,beauty_products,1,114.42,0,0.0,0,114.42,08/21/2024,11:55:55,stripe,completed,8,2024
S1RPFB5GGYU8,ziadee@gmail.com,bed,furniture,1,8174.07,0,0.0,0,8174.07,08/05/2024,15:41:09,paypal,completed,8,2024
EQ0H1Q1BG1VU,ziadee@gmail.com,dehumidifier,home_appliances,1,3575.21,0,0.0,0,3575.21,08/01/2024,05:58:22,credit_card,completed,8,2024
F237PV74XVV3,troymchank@hotmail.com,storage ottoman,furniture,1,8477.66,15,1271.65,0,7206.01,08/11/2024,05:22:03,paypal,completed,8,2024
TRHTCRCU1V17,troymchank@hotmail.com,sandals,footwear,2,1005.87,0,0.0,0,2011.74,08/25/2024,00:09:25,stripe,completed,8,2024
INFT3N6AJJGJ,troymchank@hotmail.com,art book,books,4,94.02,0,0.0,0,376.1,08/16/2024,15:39:57,paypal,completed,8,2024
5WE9SCQMOTCC,troymchank@hotmail.com,lip gloss,beauty_products,1,98.23,20,19.65,0,78.59,08/27/2024,09:06:27,stripe,completed,8,2024
GF9NS4Y2RPEI,halzackley@outlook.com,grater,kitchenware,5,152.02,10,76.01,0,684.09,08/01/2024,03:16:38,credit_card,completed,8,2024
WBWF296BEB84,guselpialey@gmail.com,photography book,books,1,19.43,15,2.91,5.94,22.45,08/04/2024,20:27:35,stripe,completed,8,2024
RDMP0RL2HTVN,guselpialey@gmail.com,winter coat,clothing,1,459.07,15,68.86,0,390.21,08/02/2024,08:04:53,credit_card,completed,8,2024
OGPVMXQ2BGLW,zoevondora@gmail.com,hiking boots,footwear,1,1249.42,0,0.0,0,1249.42,08/27/2024,01:57:02,stripe,completed,8,2024
J3JQ0NRJ5XVB,pamstben@protonmail.com,kitchen scale,kitchenware,2,291.08,5,29.11,0,553.05,08/27/2024,13:32:19,credit_card,completed,8,2024
1DOFNAZ7NMTV,emmaeva@aol.com,parka,clothing,1,373.81,0,0.0,0,373.81,08/30/2024,00:55:49,credit_card,completed,8,2024
FQFLPUR3HBGE,rexhoason@aol.com,dumbbell set,sports_equipment,3,5357.93,0,0.0,0,16073.79,08/13/2024,01:17:44,stripe,completed,8,2024
1P9884WJHWA7,rexhoason@aol.com,measuring spoons,kitchenware,1,322.63,0,0.0,0,322.63,08/08/2024,15:26:12,paypal,completed,8,2024
RW5A53GOSCN0,rexhoason@aol.com,cutting board,kitchenware,1,238.44,0,0.0,0,238.44,08/26/2024,01:01:46,stripe,completed,8,2024
Y5EE39Q7SZFS,ryanelian@yahoo.com,eyelash curler,beauty_products,1,203.76,0,0.0,0,203.76,08/24/2024,05:43:52,credit_card,completed,8,2024
TQGT5624ACKQ,ryanelian@yahoo.com,soccer goal,sports_equipment,1,823.93,5,41.2,0,782.73,08/26/2024,19:08:50,paypal,completed,8,2024
C3XQZX1CCCRD,jadevankateton@outlook.com,sports socks,sports_equipment,4,1288.51,0,0.0,0,5154.05,08/04/2024,22:16:40,paypal,completed,8,2024
NOJPU9OY8BNB,jadevankateton@outlook.com,hockey stick,sports_equipment,1,3886.01,0,0.0,0,3886.01,08/20/2024,13:04:15,credit_card,completed,8,2024
VOLF2W7BX2C2,jakenina@outlook.com,can opener,kitchenware,1,276.57,25,69.14,0,207.43,08/24/2024,13:43:20,paypal,completed,8,2024
M5DVVOMBA86Z,ginasage@outlook.com,face mask,beauty_products,1,111.87,0,0.0,0,111.87,08/22/2024,02:37:47,stripe,completed,8,2024
N36F7PRZWYP2,ginasage@outlook.com,dehumidifier,home_appliances,1,3591.97,0,0.0,0,3591.97,08/25/2024,03:55:55,paypal,completed,8,2024
M62CJI35Z8T8,ginasage@outlook.com,kitchen scale,kitchenware,5,296.14,0,0.0,0,1480.71,08/27/2024,15:10:33,stripe,completed,8,2024
BFTGGNMMUXDK,ginasage@outlook.com,pet grooming kit,pet_supplies,1,190.6,0,0.0,0,190.6,08/24/2024,01:36:26,paypal,completed,8,2024
BKVIEQS3IWZK,kaisaintfaye@hotmail.com,ladle,kitchenware,1,320.26,0,0.0,0,320.26,08/01/2024,13:33:54,stripe,completed,8,2024
2WY8RFQYVGO9,kaisaintfaye@hotmail.com,young adult novel,books,1,52.07,10,5.21,0,46.86,08/15/2024,23:25:57,stripe,completed,8,2024
QS6X55CLLVT8,kaisaintfaye@hotmail.com,sneakers,footwear,1,102.84,0,0.0,0,102.84,08/27/2024,09:30:26,credit_card,completed,8,2024
UXG6U15JNMR6,ginavonpia@hotmail.com,makeup set,beauty_products,1,194.07,10,19.41,0,174.67,08/12/2024,02:59:40,credit_card,completed,8,2024
AEQO2DDO6PAZ,ginavonpia@hotmail.com,slippers,footwear,1,512.42,0,0.0,0,512.42,08/02/2024,01:16:27,credit_card,completed,8,2024
60P9MEG6DVIK,ginavonpia@hotmail.com,mattress protector,furniture,1,1271.68,0,0.0,0,1271.68,08/12/2024,13:45:26,stripe,completed,8,2024
PYBZJ1LHPJQW,ginavonpia@hotmail.com,sports water bottle,sports_equipment,1,74.15,25,18.54,0,55.61,08/09/2024,18:33:41,stripe,completed,8,2024
O8OYLHZ174CD,ginavanpamton@protonmail.com,loungewear,clothing,1,56.78,10,5.68,0,51.1,08/14/2024,00:42:09,paypal,completed,8,2024
Y9IFWJM7OG0G,ginavanpamton@protonmail.com,leather jacket,clothing,1,107.14,20,21.43,0,85.71,08/14/2024,08:46:06,stripe,completed,8,2024
FGTHRD361N0M,ginavanpamton@protonmail.com,sports water bottle,sports_equipment,1,74.21,0,0.0,0,74.21,08/18/2024,18:19:51,credit_card,completed,8,2024
ANU6GOHHM0LE,ginavanpamton@protonmail.com,food processor,home_appliances,1,1398.23,5,69.91,0,1328.32,08/22/2024,10:18:46,paypal,completed,8,2024
VRS7KYK5SUYP,ginavanpamton@protonmail.com,food processor,kitchenware,1,817.09,0,0.0,0,817.09,08/14/2024,12:44:58,stripe,completed,8,2024
MNUBS1S3WRBV,ginavanpamton@protonmail.com,beard grooming kit,beauty_products,1,174.13,5,8.71,0,165.43,08/06/2024,14:25:53,credit_card,completed,8,2024
QI9MPOBV7PYQ,ginavanpamton@protonmail.com,skirt,clothing,1,64.67,0,0.0,0,64.67,08/27/2024,12:30:22,stripe,completed,8,2024
KV7T5933XGZT,ginavanpamton@protonmail.com,pet collar,pet_supplies,1,68.34,0,0.0,0,68.34,08/20/2024,14:22:53,paypal,completed,8,2024
ZAE1IDJERB7Y,ginavanpamton@protonmail.com,slippers,footwear,1,511.6,0,0.0,0,511.6,08/30/2024,20:07:47,stripe,completed,8,2024
NPXIP9UA7PVT,giavanike@yahoo.com,office chair,furniture,1,8579.17,0,0.0,0,8579.17,08/03/2024,17:30:22,credit_card,completed,8,2024
7SL94GYCB77N,giavanike@yahoo.com,kitchen towels,kitchenware,1,263.25,0,0.0,0,263.25,08/27/2024,03:57:43,stripe,completed,8,2024
IAAEAYBDKIFA,giavanike@yahoo.com,desk organizers,furniture,5,1852.98,0,0.0,0,9264.92,08/27/2024,15:56:35,paypal,completed,8,2024
VOET6Q6JIN3S,ikewes@hotmail.com,shoe bags,footwear,1,451.73,5,22.59,0,429.15,08/16/2024,08:02:57,stripe,completed,8,2024
S1E4DL522HB0,chrisvanpia@outlook.com,microwave oven,home_appliances,1,3570.02,0,0.0,0,3570.02,08/29/2024,09:18:39,stripe,completed,8,2024
LF2A1MJ2PRSG,beavanabesen@gmail.com,fitness tracker band,electronics,3,1328.18,0,0.0,0,3984.53,08/12/2024,17:15:07,paypal,completed,8,2024
YQTLPCSKEZZD,charliedikai@protonmail.com,washing machine,home_appliances,1,1355.63,10,135.56,0,1220.06,08/08/2024,16:16:57,stripe,completed,8,2024
KDO9NXY67VXZ,charliedikai@protonmail.com,face mask,beauty_products,1,114.01,20,22.8,0,91.21,08/26/2024,13:23:16,paypal,completed,8,2024
MAUWDWYWOR44,charliedikai@protonmail.com,jumpsuit,clothing,5,548.58,0,0.0,0,2742.89,08/18/2024,21:57:39,paypal,completed,8,2024
C659U6SBB77L,charliedikai@protonmail.com,underwear,clothing,1,304.96,0,0.0,0,304.96,08/24/2024,23:32:26,credit_card,completed,8,2024
PPRX0FB5GKSM,charliedikai@protonmail.com,biography,books,1,90.97,5,4.55,0,86.42,08/16/2024,17:24:33,credit_card,completed,8,2024
YKN1DZ9RYB2U,charliedikai@protonmail.com,rice cooker parts,home_appliances,1,710.94,0,0.0,0,710.94,08/23/2024,14:59:47,credit_card,completed,8,2024
R3MZ7824PKB3,deelesly@yahoo.com,camera bag,electronics,1,652.51,5,32.63,0,619.88,08/04/2024,20:16:52,paypal,completed,8,2024
A2I2PNTINXGA,deelesly@yahoo.com,comb,beauty_products,1,140.63,0,0.0,0,140.63,08/23/2024,10:29:54,credit_card,completed,8,2024
6UKHE8M8140C,deelesly@yahoo.com,hoodie,clothing,1,497.32,0,0.0,0,497.32,08/15/2024,04:50:35,stripe,completed,8,2024
LCSRJBEE9GN8,deelesly@yahoo.com,makeup sponge,beauty_products,1,105.09,0,0.0,0,105.09,08/07/2024,11:00:29,stripe,completed,8,2024
Z729FIJH1YFY,deelesly@yahoo.com,dehumidifier,home_appliances,1,3609.96,0,0.0,0,3609.96,08/20/2024,03:01:41,stripe,completed,8,2024
XH2X1RHCVF1A,deelesly@yahoo.com,slotted spoon,kitchenware,1,332.82,0,0.0,0,332.82,08/04/2024,11:02:21,paypal,completed,8,2024
OQSRS7MRXGYZ,deelesly@yahoo.com,electric kettle,home_appliances,3,2725.36,0,0.0,0,8176.08,08/21/2024,16:13:04,stripe,completed,8,2024
CLJRTTFMU9J4,beajohn@gmail.com,pet carrier,pet_supplies,3,167.7,0,0.0,0,503.11,08/02/2024,09:41:32,paypal,completed,8,2024
4NTWC492HMN6,beajohn@gmail.com,yoga mat,sports_equipment,3,2411.76,0,0.0,0,7235.27,08/15/2024,04:36:59,stripe,completed,8,2024
12XCZTKVUP2B,beajohn@gmail.com,mystery novel,books,1,97.23,0,0.0,0,97.23,08/16/2024,11:35:35,credit_card,completed,8,2024
CFJA8KBCLJR3,beajohn@gmail.com,educational toy storage,toys,1,29.85,0,0.0,11.76,41.61,08/21/2024,19:37:36,paypal,completed,8,2024
51TO0RZLBZFD,liaosam@gmail.com,action figure storage,toys,1,47.36,0,0.0,12.31,59.67,08/06/2024,00:39:44,paypal,completed,8,2024
X7SP1SUKRHCJ,liaosam@gmail.com,winter coat,clothing,1,454.98,0,0.0,0,454.98,08/07/2024,15:40:54,paypal,completed,8,2024
BQFJ3SH1RUJH,liaosam@gmail.com,laptop,electronics,1,1366.13,0,0.0,0,1366.13,08/26/2024,06:24:16,stripe,completed,8,2024
2S0WIRLT1H6H,ikeivy@yahoo.com,humidifier,home_appliances,1,2146.23,5,107.31,0,2038.92,08/13/2024,23:33:47,credit_card,completed,8,2024
5ZE00NVTGYG8,ikeivy@yahoo.com,wardrobe organizers,furniture,1,2345.36,25,586.34,0,1759.02,08/19/2024,03:08:49,paypal,completed,8,2024
EWHY8ROC0DXK,ikeivy@yahoo.com,VR headset,electronics,1,2837.22,0,0.0,0,2837.22,08/15/2024,05:38:12,credit_card,completed,8,2024
LSF3IF2UATET,ikeivy@yahoo.com,sectional sofa covers,furniture,1,3342.76,0,0.0,0,3342.76,08/02/2024,16:30:05,stripe,completed,8,2024
DUN1TCE3ZYPH,ikeivy@yahoo.com,bluetooth speaker,electronics,4,7795.15,25,7795.15,0,23385.46,08/23/2024,18:38:12,stripe,completed,8,2024
MV88MH628SH0,pamvanula@outlook.com,running shoes,footwear,1,182.91,10,18.29,0,164.62,08/10/2024,14:08:13,paypal,completed,8,2024
8YFY914GQ6CQ,hollydemax@gmail.com,smartwatch,electronics,1,3882.22,0,0.0,0,3882.22,08/13/2024,20:02:35,paypal,completed,8,2024
4YIZG2VQLTBX,deepam@yahoo.com,hair accessories set,beauty_products,1,112.46,0,0.0,0,112.46,08/04/2024,13:31:48,paypal,completed,8,2024
WUO045KO9IQ2,deepam@yahoo.com,winter coat,clothing,1,455.8,0,0.0,0,455.8,08/30/2024,17:42:00,paypal,completed,8,2024
AP3BKT3PY446,halderita@icloud.com,play kitchen,toys,1,218.22,0,0.0,0,218.22,08/18/2024,16:00:01,credit_card,completed,8,2024
G57CWYPY5M5C,halderita@icloud.com,peeler,kitchenware,1,414.23,0,0.0,0,414.23,08/24/2024,00:24:04,credit_card,completed,8,2024
85TVGUCAQNF4,oonastvialey@yahoo.com,curling iron,beauty_products,1,28.97,5,1.45,5.81,33.33,08/01/2024,21:28:50,paypal,completed,8,2024
RBTYVAGJFCR0,ivyleo@outlook.com,coffee table books,furniture,1,1879.09,0,0.0,0,1879.09,08/10/2024,09:53:48,stripe,completed,8,2024
L65Z7Y7GHHZT,rayria@hotmail.com,4K TV,electronics,1,2598.92,0,0.0,0,2598.92,08/11/2024,06:44:51,paypal,completed,8,2024
CIEIOYGHFZS4,rayria@hotmail.com,swimwear,clothing,1,231.2,5,11.56,0,219.64,08/02/2024,22:51:09,paypal,completed,8,2024
N39IY8MX5QVQ,rayria@hotmail.com,dehumidifier,home_appliances,2,3576.27,25,1788.13,0,5364.4,08/07/2024,07:59:55,credit_card,completed,8,2024
QV3DOMTWVTSY,rayria@hotmail.com,perfume,beauty_products,1,23.33,20,4.67,13.33,31.99,08/14/2024,14:57:07,paypal,completed,8,2024
LFKEGNX9DSGP,rayria@hotmail.com,stove,home_appliances,1,1547.23,0,0.0,0,1547.23,08/19/2024,02:06:01,paypal,completed,8,2024
Q3BPOTX86I9Q,noahlaula@outlook.com,pet crate accessories,pet_supplies,4,64.25,5,12.85,0,244.13,08/23/2024,18:23:03,paypal,completed,8,2024
OR1XPQSY4DYT,oliviakateton@gmail.com,sports watch,sports_equipment,1,411.6,0,0.0,0,411.6,08/28/2024,07:59:07,paypal,completed,8,2024
LTGTATCNJ2QG,oliviakateton@gmail.com,heels,footwear,1,402.56,0,0.0,0,402.56,08/08/2024,10:12:51,credit_card,completed,8,2024
JVMP5I850THB,oliviakateton@gmail.com,science fiction novel,books,1,96.97,0,0.0,0,96.97,08/16/2024,14:30:56,credit_card,completed,8,2024
OGPVBC1GUI77,oliviakateton@gmail.com,water heater,home_appliances,1,1348.63,0,0.0,0,1348.63,08/02/2024,12:02:40,stripe,completed,8,2024
472T4A4BAZ9N,oliviakateton@gmail.com,yoga mat,sports_equipment,2,2408.89,15,722.67,0,4095.12,08/28/2024,15:27:41,paypal,completed,8,2024
Q5WO73E58JIQ,oliviakateton@gmail.com,facial cleansing brush,beauty_products,1,133.36,0,0.0,0,133.36,08/01/2024,19:36:50,credit_card,completed,8,2024
9AQ3SD092AP2,oliviakateton@gmail.com,nail clippers,beauty_products,1,107.85,25,26.96,0,80.89,08/11/2024,02:03:06,paypal,completed,8,2024
NPGECAG264QZ,oliviakateton@gmail.com,pet grooming gloves,pet_supplies,1,318.12,0,0.0,0,318.12,08/10/2024,12:49:56,paypal,completed,8,2024
MSAU95E1DOTZ,pamfrankton@hotmail.com,pet brush,pet_supplies,1,156.87,0,0.0,0,156.87,08/01/2024,11:29:19,credit_card,completed,8,2024
KNMS0GZJ2GM0,vincevanyas@outlook.com,bookends,books,1,70.88,0,0.0,0,70.88,08/27/2024,15:26:16,stripe,completed,8,2024
UF8P1UKHNP8L,vincevanyas@outlook.com,patio umbrella,furniture,1,3456.93,0,0.0,0,3456.93,08/13/2024,03:36:30,credit_card,completed,8,2024
PLNNJOC13A1B,vincevanyas@outlook.com,lip balm,beauty_products,3,75.05,0,0.0,0,225.15,08/22/2024,04:37:37,paypal,completed,8,2024
QDTET889LVAA,vincevanyas@outlook.com,pet collar,pet_supplies,1,68.29,25,17.07,0,51.21,08/13/2024,14:45:12,credit_card,completed,8,2024
8QUU84Q3P4HZ,vincevanyas@outlook.com,office chair cushions,furniture,2,700.04,5,70.0,0,1330.07,08/01/2024,04:03:35,stripe,completed,8,2024
JS6OJ1A6EDIP,miavangia@outlook.com,graphic novel,books,1,67.59,0,0.0,0,67.59,08/26/2024,06:46:36,paypal,completed,8,2024
Z8AHCPMDJ2HX,miavangia@outlook.com,rice cooker parts,home_appliances,1,707.22,0,0.0,0,707.22,08/05/2024,18:41:03,paypal,completed,8,2024
LKE06JAI1YIH,noahdeeve@outlook.com,lego set,toys,1,174.97,0,0.0,0,174.97,08/13/2024,07:12:01,paypal,completed,8,2024
EC1WYBTE38QP,noahdeeve@outlook.com,pet toothpaste,pet_supplies,1,148.15,15,22.22,0,125.93,08/30/2024,06:59:06,credit_card,completed,8,2024
I9CSJYSYCWQD,noahdeeve@outlook.com,fitness tracker accessories,sports_equipment,1,1480.58,0,0.0,0,1480.58,08/05/2024,19:48:30,credit_card,completed,8,2024
GTWE9Q8AS1FT,umaozacksen@yahoo.com,pet training clicker,pet_supplies,1,57.49,0,0.0,0,57.49,08/07/2024,05:32:44,stripe,completed,8,2024
TQDJ4EDZ85T5,umaozacksen@yahoo.com,skateboard,sports_equipment,4,5054.61,0,0.0,0,20218.44,08/30/2024,08:01:27,credit_card,completed,8,2024
KGIBANTJ7UQ7,saravanfinn@hotmail.com,remote control toy storage,toys,1,25.36,0,0.0,10.1,35.46,08/07/2024,16:13:24,paypal,completed,8,2024
OUF4D6YZXS33,saravanfinn@hotmail.com,console table,furniture,1,1122.73,0,0.0,0,1122.73,08/31/2024,16:21:32,stripe,completed,8,2024
U8SEJ6L9FZGF,saravanfinn@hotmail.com,slotted spoon,kitchenware,1,333.82,0,0.0,0,333.82,08/24/2024,00:47:32,credit_card,completed,8,2024
WDCZRKW418J3,saravanfinn@hotmail.com,pet carrier accessories,pet_supplies,1,127.08,25,31.77,0,95.31,08/07/2024,12:18:05,paypal,completed,8,2024
L3ZSUE67DZPR,owenginaley@outlook.com,poetry collection,books,1,92.8,0,0.0,0,92.8,08/07/2024,10:17:59,stripe,completed,8,2024
HHFT1CEI5OKB,willsaintmoe@hotmail.com,shoe storage,footwear,1,674.63,0,0.0,0,674.63,08/16/2024,05:27:41,stripe,completed,8,2024
TQCWM0DIZAAF,willsaintmoe@hotmail.com,socks,clothing,1,144.92,0,0.0,0,144.92,08/06/2024,22:39:12,credit_card,completed,8,2024
5QFGIGGZ8DD9,willsaintmoe@hotmail.com,electric kettle,home_appliances,1,2724.56,25,681.14,0,2043.42,08/26/2024,03:36:21,stripe,completed,8,2024
O115M3J1GT1D,lialeyassen@yahoo.com,biography,books,5,91.82,0,0.0,0,459.09,08/21/2024,10:41:53,paypal,completed,8,2024
EMULP5TLVNKA,dylanomoe@gmail.com,activewear set,clothing,1,185.88,0,0.0,0,185.88,08/19/2024,13:24:26,paypal,completed,8,2024
0WD25KW6GK7R,bobobobton@yahoo.com,slow cooker,home_appliances,1,2075.88,25,518.97,0,1556.91,08/25/2024,17:02:59,credit_card,completed,8,2024
YHWDVXVSBDE3,bobobobton@yahoo.com,smartwatch band,electronics,3,426.54,5,63.98,0,1215.63,08/27/2024,01:00:24,paypal,completed,8,2024
QOY1TC3D57TV,rayelhankley@outlook.com,thriller novel,books,2,57.65,10,11.53,0,103.78,08/13/2024,20:23:51,paypal,completed,8,2024
GLGZPE5IOB43,rayelhankley@outlook.com,monitor stand,electronics,1,1703.82,0,0.0,0,1703.82,08/18/2024,16:58:53,stripe,completed,8,2024
LTKUQ2203WSP,abeluketon@gmail.com,shoe laces,footwear,1,240.98,0,0.0,0,240.98,08/04/2024,18:36:08,stripe,completed,8,2024
7UDXJ0SAETNJ,abeluketon@gmail.com,arts and crafts storage,toys,1,128.67,10,12.87,0,115.8,08/10/2024,03:40:13,credit_card,completed,8,2024
IUXHBGJNT44W,abeluketon@gmail.com,thriller novel,books,1,57.52,25,14.38,8.84,51.98,08/06/2024,20:09:25,stripe,completed,8,2024
5D4V48GR8WUE,abeluketon@gmail.com,hand cream,beauty_products,1,54.17,20,10.83,8.27,51.6,08/09/2024,16:57:51,credit_card,completed,8,2024
0IOKXU6MKG9N,yangialey@protonmail.com,bicycle,sports_equipment,1,590.64,0,0.0,0,590.64,08/23/2024,08:17:25,credit_card,completed,8,2024
VC3N6HYDYNYF,yangialey@protonmail.com,pet first aid kit,pet_supplies,1,319.97,20,63.99,0,255.98,08/20/2024,03:12:38,stripe,completed,8,2024
Z31460F3L61B,yangialey@protonmail.com,smart doorbell,electronics,1,478.67,10,47.87,0,430.8,08/27/2024,18:17:17,stripe,completed,8,2024
9STFVERDXKTY,piadinina@aol.com,ceramic cookware,kitchenware,1,565.01,0,0.0,0,565.01,08/07/2024,02:38:16,paypal,completed,8,2024
Z6DJNTO45IAB,piadinina@aol.com,whisk,kitchenware,1,162.34,0,0.0,0,162.34,08/23/2024,11:02:06,paypal,completed,8,2024
2960C5UDRJCW,piadinina@aol.com,refrigerator,home_appliances,1,2926.07,0,0.0,0,2926.07,08/08/2024,23:36:38,paypal,completed,8,2024
PI2LF07DYXXE,chrislarita@yahoo.com,pet water fountain,pet_supplies,1,118.43,0,0.0,0,118.43,08/14/2024,01:35:34,stripe,completed,8,2024
NTEPAUL6DV9S,moezed@aol.com,garden bench,furniture,1,5221.35,0,0.0,0,5221.35,08/05/2024,09:46:31,stripe,completed,8,2024
IPROQC0Z582Y,moezed@aol.com,swimwear,clothing,5,231.65,15,173.74,0,984.52,08/29/2024,18:36:08,credit_card,completed,8,2024
VPLQK44RW0NI,moezed@aol.com,bed frame accessories,furniture,1,3085.92,0,0.0,0,3085.92,08/05/2024,16:16:08,stripe,completed,8,2024
A9Z2TSANHWFM,moezed@aol.com,shoe organizer,footwear,1,288.44,0,0.0,0,288.44,08/27/2024,10:30:06,stripe,completed,8,2024
S15W0VBUMV2V,moezed@aol.com,pet brush,pet_supplies,1,157.32,0,0.0,0,157.32,08/03/2024,08:16:57,credit_card,completed,8,2024
IVKF5TVXRDNQ,moezed@aol.com,bookends,books,4,72.23,0,0.0,0,288.93,08/18/2024,01:56:06,stripe,completed,8,2024
9LB8QIH4WWHB,moezed@aol.com,sports water bottle,sports_equipment,1,74.23,20,14.85,0,59.38,08/23/2024,03:48:40,stripe,completed,8,2024
XH77TZODL3A8,sageleben@outlook.com,activewear set,clothing,1,184.46,0,0.0,0,184.46,08/28/2024,05:59:01,stripe,completed,8,2024
9RVN4TOBAHVL,liamelcara@gmail.com,arts and crafts kits,toys,1,344.97,0,0.0,0,344.97,08/29/2024,11:05:49,credit_card,completed,8,2024
H76Y2NX3WLGP,liamelcara@gmail.com,air conditioner,home_appliances,1,4091.02,0,0.0,0,4091.02,08/14/2024,22:25:19,credit_card,completed,8,2024
5NSF3ZBVMNGH,liamelcara@gmail.com,bookmarks,books,1,85.8,0,0.0,0,85.8,08/30/2024,08:23:33,stripe,completed,8,2024
CZ06TD06XU36,liamelcara@gmail.com,insoles,footwear,1,430.67,0,0.0,0,430.67,08/19/2024,23:13:39,credit_card,completed,8,2024
VPA1CWA872TR,pamohank@yahoo.com,cutting board,kitchenware,1,234.34,0,0.0,0,234.34,08/08/2024,21:45:59,paypal,completed,8,2024
8T2W042YYONV,peterada@aol.com,blender accessories,home_appliances,1,2063.25,0,0.0,0,2063.25,08/29/2024,17:48:07,credit_card,completed,8,2024
VCN0KQPRYJHV,peterada@aol.com,activewear set,clothing,1,185.26,10,18.53,0,166.73,08/20/2024,09:52:59,stripe,completed,8,2024
96AJGHE2JXQW,peterada@aol.com,toy organizers,toys,1,280.79,25,70.2,0,210.59,08/15/2024,21:39:27,stripe,completed,8,2024
U10ECTP6IBMJ,peterada@aol.com,sneaker cleaner,footwear,1,446.9,0,0.0,0,446.9,08/30/2024,00:42:29,stripe,completed,8,2024
ZAYWMTQSHJFG,peterada@aol.com,slow cooker,home_appliances,1,2098.48,0,0.0,0,2098.48,08/12/2024,08:53:51,stripe,completed,8,2024
G927J9F5CUJ3,miavonxiasen@outlook.com,refrigerator,home_appliances,4,2924.72,0,0.0,0,11698.89,08/19/2024,02:10:01,stripe,completed,8,2024
A89VYAXTQ97U,miavonxiasen@outlook.com,book display stand,books,5,81.71,0,0.0,0,408.56,08/15/2024,06:31:40,paypal,completed,8,2024
OQ2W4VHBFGA3,miavonxiasen@outlook.com,cookbook,books,1,139.87,0,0.0,0,139.87,08/24/2024,09:16:17,credit_card,completed,8,2024
X3KQO33CX5AB,milalelara@gmail.com,air purifier,home_appliances,1,3896.56,0,0.0,0,3896.56,08/10/2024,19:02:03,paypal,completed,8,2024
4N73FUA4QMMO,sarasageton@hotmail.com,loungewear,clothing,1,57.64,0,0.0,0,57.64,08/17/2024,02:28:29,stripe,completed,8,2024
EFJA3D4RYTIX,sarasageton@hotmail.com,body lotion,beauty_products,1,17.16,15,2.57,8.14,22.73,08/12/2024,18:38:53,stripe,completed,8,2024
L45K0J7NUA3Q,hollylafinnsen@gmail.com,puzzles,toys,5,338.78,5,84.69,0,1609.2,08/19/2024,13:26:51,stripe,completed,8,2024
SYQXNAYFXQL2,siavanvia@icloud.com,sweater,clothing,1,497.69,0,0.0,0,497.69,08/24/2024,06:02:41,credit_card,completed,8,2024
66EE4AE0KE67,siavanvia@icloud.com,rowing machine,sports_equipment,1,4317.85,0,0.0,0,4317.85,08/30/2024,17:22:21,stripe,completed,8,2024
9X4Q5HDJ9CAM,ziania@outlook.com,parka,clothing,1,369.85,0,0.0,0,369.85,08/10/2024,23:19:01,paypal,completed,8,2024
66QUO9IBVABW,ziania@outlook.com,mixing bowls,kitchenware,1,125.3,25,31.32,0,93.97,08/26/2024,02:03:24,credit_card,completed,8,2024
WTQE6J6QVIYE,ziania@outlook.com,pet carrier accessories,pet_supplies,1,127.0,0,0.0,0,127.0,08/17/2024,11:15:51,credit_card,completed,8,2024
JSLXXAVQUQ8C,ziania@outlook.com,slippers,beauty_products,1,235.0,0,0.0,0,235.0,08/08/2024,09:05:50,credit_card,completed,8,2024
9FB9EDI81E7N,olagia@hotmail.com,measuring spoons,kitchenware,1,328.09,0,0.0,0,328.09,08/18/2024,23:06:11,credit_card,completed,8,2024
LZ9QCTBLUV97,olagia@hotmail.com,fitness tracker,electronics,1,7897.86,0,0.0,0,7897.86,08/25/2024,22:47:50,credit_card,completed,8,2024
9CF99SGDBKLJ,olagia@hotmail.com,shoe polish,footwear,5,344.08,0,0.0,0,1720.39,08/12/2024,02:48:33,paypal,completed,8,2024
UWQNYT0KHQ9O,olagia@hotmail.com,console table,furniture,1,1116.93,25,279.23,0,837.7,08/08/2024,17:47:18,credit_card,completed,8,2024
C3UGY8SBB6CP,hoarita@icloud.com,sneaker cleaner,footwear,1,447.24,10,44.72,0,402.51,08/03/2024,06:20:52,stripe,completed,8,2024
XMXBJ8EORUU4,hoarita@icloud.com,toy boxes,toys,1,113.57,0,0.0,0,113.57,08/27/2024,02:18:58,paypal,completed,8,2024
3DSHP4AR727N,hoarita@icloud.com,t-shirt,clothing,1,600.31,0,0.0,0,600.31,08/01/2024,04:45:07,stripe,completed,8,2024
7D28500OGULP,hoarita@icloud.com,bookshelf,furniture,1,8979.17,25,2244.79,0,6734.38,08/27/2024,04:31:39,credit_card,completed,8,2024
L53ENYJA7P9W,hoarita@icloud.com,loungewear,clothing,4,57.79,0,0.0,0,231.17,08/10/2024,02:43:36,paypal,completed,8,2024
OZL5Q6A4KSH1,olamacweston@protonmail.com,gaming laptop,electronics,5,6947.69,0,0.0,0,34738.44,08/29/2024,16:42:59,paypal,completed,8,2024
H87E5ZISW7P4,olamacweston@protonmail.com,ladle,kitchenware,1,320.42,0,0.0,0,320.42,08/27/2024,01:45:30,paypal,completed,8,2024
CLNNIGD8MX8L,chrissainttim@icloud.com,cookbook,books,1,139.03,0,0.0,0,139.03,08/27/2024,15:52:17,paypal,completed,8,2024
S6SR8MB14S37,chrissainttim@icloud.com,sofa covers,furniture,3,386.98,0,0.0,0,1160.95,08/30/2024,09:55:50,credit_card,completed,8,2024
1M50AH2Z4R1E,chrissainttim@icloud.com,dress,clothing,4,563.12,0,0.0,0,2252.46,08/25/2024,14:07:27,paypal,completed,8,2024
8QDK3A0GLQXC,viclaned@yahoo.com,sports headband,sports_equipment,4,1086.87,0,0.0,0,4347.47,08/08/2024,16:25:52,stripe,completed,8,2024
UJ627CI1UPIA,viclaned@yahoo.com,pet first aid kit,pet_supplies,2,318.71,0,0.0,0,637.42,08/26/2024,20:36:02,paypal,completed,8,2024
K4LNT24OXKT3,viclaned@yahoo.com,slow cooker,kitchenware,3,727.59,0,0.0,0,2182.77,08/23/2024,03:26:02,paypal,completed,8,2024
2JWRT8EJ8E52,abesaintgina@yahoo.com,sports water bottle,sports_equipment,1,74.32,0,0.0,0,74.32,08/10/2024,09:42:36,credit_card,completed,8,2024
EKTOM57IT7UE,abesaintgina@yahoo.com,air conditioner,home_appliances,1,4070.3,0,0.0,0,4070.3,08/15/2024,03:39:06,paypal,completed,8,2024
YF2HB6QMAG8J,ianvanzed@yahoo.com,ankle boots,footwear,1,1218.83,0,0.0,0,1218.83,08/07/2024,04:43:45,paypal,completed,8,2024
G9DY8X32V7SI,ianvanzed@yahoo.com,facial tissues,beauty_products,1,109.38,0,0.0,0,109.38,08/21/2024,07:37:00,credit_card,completed,8,2024
W5N7RDH7243L,ianvanzed@yahoo.com,makeup set,beauty_products,4,193.48,0,0.0,0,773.91,08/25/2024,04:14:39,paypal,completed,8,2024
UR5M10PXH1L0,ianvanzed@yahoo.com,yoga blocks,sports_equipment,1,1980.63,0,0.0,0,1980.63,08/31/2024,01:31:34,credit_card,completed,8,2024
1DGSQK3SRPE2,ianvanzed@yahoo.com,slotted spoon,kitchenware,1,330.52,0,0.0,0,330.52,08/16/2024,01:50:03,stripe,completed,8,2024
FR0AW8ZIJF8M,ianvanzed@yahoo.com,trench coat,clothing,1,221.33,0,0.0,0,221.33,08/23/2024,07:26:34,stripe,completed,8,2024
1ZHN8734UADU,ianvanzed@yahoo.com,sneakers,footwear,1,104.04,0,0.0,0,104.04,08/13/2024,23:44:09,credit_card,completed,8,2024
YITFCPGC0FKL,ianvanzed@yahoo.com,slow cooker,kitchenware,1,729.56,0,0.0,0,729.56,08/20/2024,04:47:22,stripe,completed,8,2024
UUVDG266L1YV,ianvanzed@yahoo.com,pet dental care kit,pet_supplies,1,118.5,20,23.7,0,94.8,08/04/2024,12:27:44,paypal,completed,8,2024
PWEF6URWAFLA,ianvanzed@yahoo.com,beauty blender,beauty_products,5,118.96,0,0.0,0,594.8,08/02/2024,13:02:49,stripe,completed,8,2024
